Site,geographic,local_name,reef_type,Y,X,Acanthurus blochii,Acanthurus guttatus,Acanthurus leucocheilus,Acanthurus lineatus,Acanthurus maculiceps,Acanthurus nigricans,Acanthurus nigricauda,Acanthurus nigroris,Acanthurus olivaceus,Acanthurus pyroferus,Acanthurus triostegus,Acanthurus xanthopterus,Aethaloperca rogaa,Aphareus furca,Aphareus Furca2,Aprion virescens,Balistapus undulatus,Balistoides viridescens,Bolbometopon muricatum,Caesio caerulaurea,Calotomus carolinus,Carangoides ferdau,Carangoides orthogrammus,Caranx lugubris,Caranx melampygus,Caranx sexfasciatus,Cephalopholis argus,Cephalopholis leopardus,Cephalopholis urodeta,Cetoscarus bicolor,Chaetodon lunulatus,Cheilinus digrammus,Cheilinus fasciatus,Cheilinus trilobatus,Cheilinus undulatus,Chlorurus bleekeri,Chlorurus frontalis,Chlorurus japanensis,Chlorurus microrhinos,Chlorurus sordidus,Chlorurus Sordidus3,Coris aygula,Ctenochaetus striatus,Ctenochaetus strigosus,Elagatis bipinnulata,Epibulus insidiator,Epinephelus hexagonatus,Epinephelus howlandi,Epinephelus merra,Epinephelus spilotoceps,Gnathodentex aureolineatus,Gomphosus varius,Gracila albomarginata,Gymnosarda unicolor,Hemigymnus fasciatus,Hemigymnus melapterus,Hipposcarus longiceps,Kyphosus cinerascens,Kyphosus vaigiensis,Lethrinus erythropterus,Lethrinus harak,Lethrinus obsoletus,Lethrinus olivaceus,Lethrinus xanthochilus,Lutjanus argentimaculatus,Lutjanus bohar,Lutjanus ehrenbergi,Lutjanus fulvus,Lutjanus gibbus,Lutjanus kasmira,Lutjanus monostigma,Lutjanus semicinctus,Macolor macularis,Macolor niger,Melichthys vidua,Monodactylus argenteus,Monotaxis grandoculis,Mulloidichthys flavolineatus,Mulloidichthys vanicolensis,Myripristis adusta,Myripristis berndti,Myripristis murdjan,Myripristis sp  Holocentridae ,Naso annulatus,Naso brevirostris,Naso caesius,Naso lituratus,Naso unicornis,Naso vlamingii,Neoniphon sammara,Neoniphon sp  Holocentridae ,Paracirrhites spp ,Parupeneus barberinoides,Parupeneus barberinus,Parupeneus bifasciatus,Parupeneus cyclostomus,Parupeneus indicus,Parupeneus insularis,Parupeneus multifasciatus,Pempheris oualensis,Platax teira,Plectorhinchus albovittatus,Plectorhinchus lineatus,Polydactylus sexfilis,Pseudobalistes flavimarginatus,Pygoplites diacanthus,Sargocentron sp,Sargocentron tiere,Scarus altipinnis,Scarus dimidiatus,Scarus festivus,Scarus flavipectoralis,Scarus forsteni,Scarus frenatus,Scarus ghobban,Scarus globiceps,Scarus niger,Scarus oviceps,Scarus psittacus,Scarus rivulatus,Scarus rubroviolaceus,Scarus schlegeli,Scarus sp,Scarus spinus,Scolopsis lineata,Scolopsis sp ,Scomberomorus commerson,Selar crumenophthalmus,Siganus argenteus,Siganus doliatus,Siganus puellus,Siganus punctatus,Siganus randalli,Siganus spinus,Sphyraena qenie,Variola louti,Zebrasoma scopas,Zebrasoma veliferum
KOS-01,Southeast Corner,Buoy-16,Outer,5.265350946,162.9805157,0,0,0,0,0,0,0.728387052,0,0,0,0,0,0,0.280085856,0,0,0,0,0,0,0,0,0,0,0,0,0,0,0,0,0,0,0,0,0,0,0,0,0,0.955730005,0,0.262367363,0.161836067,0,0,0,0,0,0,0,0,0,0,0,0,0,0,0,0,0,0,0,0,0,0,0,0,0,0,0,0,0,0,0,0,0,0,0,0,0,0,0,0,0,0,0,0,0,0.53710971,0,0,0.005401086,0,0,0,0,0,0,0,0,0,0,0,0,0,0,0,0,0,0,0,0,0.278083007,0,0,0,0,0,0,0,0,0,0,0,0,0,0,0,0,0,0,0,0,0,0,0,0,0
KOS-01,Southeast Corner,Buoy-16,Outer,5.265350946,162.9805157,0,0,0,0.120122878,0,0.058891288,0,0,0,0,0,0,0,0,0,0,0,0,0,0,0,0,0,0,0,0,0.572132238,0,0,0,0,0,0,0.132442017,0,0,0,0,0,0,0,0,0.074948994,0,0,0,0,0,0,0,0,0,0,0,0,0,0,0,0.089032393,0,0,0,0,0,0,0.050114643,0,0,0,0,0,0,0,0,0,0,0,0,0,0,0,0,0,0,0,0,0,0,0,0,0,0,0,0,0,0,0,0,0,0,0,0,0,0,0,0,0,0,0,0,0,0,0,0,0,0,1.192667094,0,0,0,0,0,0,0,0,0,0,0,0,0,0,0,0,0,0,0,0,0
KOS-01,Southeast Corner,Buoy-16,Outer,5.265350946,162.9805157,0,0,0,0,0,0,0,0,0,0,0,0,0,0,0,0,0,0,0,0,0,0,0,0,0,0,0,0,0,0,0,0,0,0,0,0,0,0,0,0.509661889,0,0,0.6733892,0,0,0,0,0,0,0,0,0,0,0,0,0,0,0,0,0,0,0,0,0,0,0,0,0,0,0,2.435294193,0,0,0,0,0,0.492251882,0,0,0,0,0,0,0,0,0,0.397814061,0,1.948298839,0,0,0,0,0,0,0,0,0,0,0,0,0,0,0,0,0,0,0,0,0,0.857987571,0,0,0,0,0,0.50199302,0,0,0,0,0,0,0,0,0,0,0,0,0,0,0,0,0,0,0,0,0
KOS-01,Southeast Corner,Buoy-16,Outer,5.265350946,162.9805157,0,0,0,0,0,0.282881723,0,0,0,0,0,0,0,0,0,0,0,0,0,0,0,0,0,0,0,0,0,0,0,0,0,0,0,0,0,0,0,0,0,0.306241644,0,0,0.224846982,0,0,0,0,0,0,0,0,0,0,0,0,0,0,0,0,0,0,0,0,0,0,0,0,0,0,0,0,0,0,0,0,0,0,0,0,0,0,0,0,0,0,0,0,0,0,0,0,0,0,0,0,0,0,0,0,0,0,0,0,0,0,0,0,0,0.571843604,0,0,0,0,0,0,0,0,0,0,0,0,0,0,0,0,0,0,0,0,0,0,0,0,0,0,0,0,0
KOS-01,Southeast Corner,Buoy-16,Outer,5.265350946,162.9805157,0,0,0,0,0,0,0,0,0,0,0,0,0,0,0,0,0,0,0,0,0,0,0,0,0,0,0,0,0,0,0,0,0,0.613882723,0,0,0,0,0,0,0,0,0.563613537,0,0,0,0,0,0,0,0,0,0,0,0,0,0,0,0,0,0,0,0,0,0,0,0,0,0,0,0,0,0,0,0,0,0,0,0,0,0,0,0,0,0,0,0,0,0,0,0,0,0,0,0,0,0,0,0,0,0,0,0,0,0,0,0,0,0,0,0,0,0,0,0,0,0,0,0,0,0,0,0,0,0,0,0,0,0,0,0,0,0,0,0,0,0,0
KOS-01,Southeast Corner,Buoy-16,Outer,5.265350946,162.9805157,0,0,0,0,0,0,0,0,0,0,0,0,0,0,0,0,0,0,0,0,0,0,0,0,0,0,0,0,0,0,0,0,0,0,0,0,0,0,0,0.098935738,0,0,0.186968216,0,0,0,0,0,0,0,0,0,0,0,0,0,0,0,0.089032393,0,0,0,0,0,0,0,0,0,0,0,0,0,0,0,0,0,0,0,0,0,0,0,0,0,0,0,0,0,0,0,0,0,0,0,0,0,0,0,0,0,0,0,0,0,0,0,0,0,0,0,0,0,0,0,0,0,0.255663333,0,0,0,0,0,0,0,0,0,0,0,0,0,0,0,0,0,0,0,0,0
KOS-01,Southeast Corner,Buoy-16,Outer,5.265350946,162.9805157,0,0,0,0,0,0.400879848,0.437609045,0,0,0,0,0,0,0,0,0,0,0,0,0,0,0,0,0,0,0,0,0,0,0,0,0,0,0,0,0,0,0,0,1.085125374,0,0,0.329084526,0,0,0,0,0,0,0,0,0,0,0,0,0,0,0,0,0,0,0,0,0,0,0,0,0,0,0,0,0,0,0,0,0,0,0,0,0,0,0,0,0,0,0,1.077676562,0,0,0,0,0,0,0,0,0,0,0,0,0,0,0,0,0,0,0,0,0,0,0,0,0,0,0,0,0,0.743223618,0.236485279,0,0,0,0,0,0,0,0,0,0,0,0,0,0,0,0,0,0,0,0
KOS-01,Southeast Corner,Buoy-16,Outer,5.265350946,162.9805157,0,0,0,0,0,0,0,0,0,0,0,0,0,0.495159184,0,0,0,0,0,0,0,0,0,0,0,0,0.199375578,0,0,0,0,0,0,0.207390806,0,0,0,0,0,0.456975281,0,0,0,0,0,0,0,0,0,0,0.126222337,0,0,0,0,0,0,0,0,0,0,0,0,0,0,0,0,0,0,0,0,0,0,0,0,0,0,0,0,0,0,0,0,0,0,0,0,0,0.886421069,0,0,0,0,0,0,0,0,0,0,0,0,0,0,0,0,0,0,0,0,0,0,0,0,0,0,0,0,0,0,0,0,0,0,0,0,0,0,0,0,0,0,0,0,0,0,0,0,0
KOS-01,Southeast Corner,Buoy-16,Outer,5.265350946,162.9805157,0,0,0,0,0,0,0,0,0,0,0,0,0,0,0,0,0,0,0,0,0.374571435,0,0,0,0,0,0,0,0,0,0,0,0,0,0,0,0,0,0,0.239122184,0,0,0.274658417,0,0,0,0,0,0,0,0,0,0,0,0,0,0,0,0,0,0,0,0,0,0,0,0,0,0,0,0,0,0,0,0,0,0,0,0,0,0,0,0,0,0,0,0,0,0,0,0,0,0,0,0.342469488,0,0,0,0,0,0,0,0,0,0,0,0,0,0,0,0,0,0,0,0,0,0.137025294,0,0,0,0,0,0,0,0,1.26244699,0,0,0,0,0,0,0,0,0,0,0,0
KOS-01,Southeast Corner,Buoy-16,Outer,5.265350946,162.9805157,0,0,0,0,0,0,0,0,0,0,0,0,0,0,0,0,0,0,0,0,0,0,0,0,0,0,0,0,0,0,0,0,0,0,0,0,0,0,2.94863796,0.516035919,0,0,0.41001806,0,0,0,0,0,0,0,0,0,0,0,0,0,0,0,0,0,0,0,0,0,0,0,0,0,0,0,0,0,0,0,0,0,0,0,0,0,0,0,0.070544279,0,0,0,0,0,0,0,0,0,0,0,0,0,0,0,0,0,0,0,0,0,0,0,0,0,0,0,0,0,0,0,0,0,0.399526089,0,0,0,1.25431429,0,0,0,0,0,0,0,0,0,0,0,0,0,0,0,0,0
KOS-01,Southeast Corner,Buoy-16,Outer,5.265350946,162.9805157,0,0,0,0,0,0,0,0,0,0,0,0,0,0,0,0,0,0,0,0,0,0,0,0,0,0,0,0,0,0,0,0,0,0,0,0,0,0,8.886915404,1.076314347,0,0,0,0,0,0,0,0,0,0,0,0,0,0,0,0,0,0.624021237,0,0,0,0,0,0,0,0,0,0,0,0,0,0,0,0,0,0,0.281671691,0,0,0,0,0,0,0,0,0,0.679862501,0,1.618552801,0,0,0,0,0,0,0,0,0,0,0,0,0,0,0,0,0,0,0,0,0,0,0,0.403807159,0,0.597169906,0,0,0,0,0,0,0,0,0,0,0,0,0,0,0,0,0,0,0,0,0,0,0
KOS-01,Southeast Corner,Buoy-16,Outer,5.265350946,162.9805157,0.294582291,0,0,0,0,0,0.396122906,0,0,0,0,0,0,0.119644916,0,0,0,0,0,0,0,0,0,0,0,0,0,0,0,0,0,0,0,0,0,0,0,0,0,0.222130341,0,0,0.555513234,0,0,0,0,0,0,0,0,0,0,0,0,0,0,0,0,0,0,0,0,0,0,0,0,0,0,0,0,0,0,0,0,0,0,0,0,0,0,0,0,0,0,0,0,0,0,0,0,0,0,0,0,0,0,0,0,0,0,0,0,0,0,0,0,0,0,0,0,0,0,0,0,0,0.451110383,0,0,0,0,0,0,0,0,0,0,0,0,0,0,0,0,0,0,0,0,0
KOS-01,Southeast Corner,Buoy-16,Outer,5.265350946,162.9805157,0,0,0,0,0,0,0,0,0,0,0,0,0,0,0,0,0,0,0,0,0,0,0,0,0,0,0,0,0,0,0,0,0,0,0,0,0,0,0,0.457242701,0,0,0.50878649,0,0,0,0,0,0,0,0,0,0,0,0,0,0,0,0,0,0,0,0,0,0,0,0,0,0,0,0,0,0,0,0,0,0,0,0,0,0,0,0,0,0,0,0,0,0,0,0,0,0,0,0.199486906,0,0,0,0,0,0,0,0,0,0,0.29348716,0,0,0,0,0,0,0,0,0,0,0.64140546,0,0,0,0,0,0,0,0,0,0,0,0,0,0,0,0,0,0,0,0,0
KOS-01,Southeast Corner,Buoy-16,Outer,5.265350946,162.9805157,0,0,0,0,0,0.185530656,0,0,0,0,0,0.203832047,0,0,0,0,0,0,0,0,0,0,0,0,0,0,0.07622084,0,0.038873118,0,0,0,0,0,0,0,0,0,0,0,0,0,0.385492996,0,0,0.118959223,0,0,0,0,0,0,0,0,0,0,0,0,0,0,0,0,0,0,0,0,0,0,0,0,0,0,0,0,0,0,0,0,0,0,0,0,0,0,0,0,0.12839508,0,0,0,0,0,0,0,0,0,0,0,0,0,0,0,0,0,0,0,0,0,0,0,0,0,0,0,0,0,0.09428083,0,0,0,0,0,0,0,0,0,0,0,0,0,0,0,0,0,0,0,0,0
KOS-01,Southeast Corner,Buoy-16,Outer,5.265350946,162.9805157,0,0,0,0,0,0,0,0,0,0,0,0,0,0,0,0,0,0,0,0,0,0,0,0,0,0,0,0,0,0,0,0,0,0.671284187,0,0,0,0,0.252503415,0,0,0,0.523491212,0,0,0,0,0,0,0,0,0,0,0,0,0,0,0,0,0,0,0,0,0,0,0,0,0,0,0,0,0,0,0,0,0,0.217581047,0,0,0,0,0,0,0,0,0,0.719296325,0,0,0,0,0,0,0,0,0,0,0,0,0,0,0,0,0,0,0,0,0,0,0,0,0,0,0,0,0,0,0,0,0,0.258160206,0,0,0.317341246,0,0,0,0,0,0,0,0.134729172,0,0,0,0,0,0
KOS-01,Southeast Corner,Buoy-16,Outer,5.265350946,162.9805157,0,0,0,0,0,3.277382825,0,0,0,0,0,0,0,0,0,0,0,0,0,0,0,0,0,0,0,0,0,0,0,0,0,0,0,0,0,0,0,0,0,0.222130341,0,0,3.314460084,0,0,0,0,0,0,0,0,0,0,0,0,0,1.500449643,0,0,0,0,0,0,0,0,0,0,0,0,0,0,0,0,0,0,0,0,0,0,0,0,0,0,0,0,0,0.287052565,0,0,0,0,0,0,0,0,0,0,0,0,0,0,0,0,0,0,0,0,0,0,0,0,0,0,0,0,0,0,0.626247122,0,0,0,0,0,0,0,0,0,0,0,0,0,0,0,0,0,0,0,0
KOS-01,Southeast Corner,Buoy-16,Outer,5.265350946,162.9805157,0,0,0,0,0,0,0,0,0,0,0,0,0,0,0,0,0,0,0,0,0,0,0,0,0,0,0,0,0,0,0,0,0,0,0,0,0,0,0,0.710359963,0,0,0.135844068,0,0,0,0,0,0,0,0,0,0,0,0,0,0,0,0,0,0,0,0,0,0,0,0,0,0,0,0,0,0,0,0,0,0,0,0,0,0,0,0,0,0,0,0,0,0,0,0,0,0,0,0,0,0,0,0,0,0,0,0,0,0,0,0,0,0,0,0,0,0.131049395,0,0,0,0.875648102,0,0,0,0,0,0,0,0,0,0,0,0,0,0,0,0,0,0,0,0,0
KOS-01,Southeast Corner,Buoy-16,Outer,5.265350946,162.9805157,0,0,0,0,0,0.412239016,0,0,0,0,0,0.203832047,0,0,0,0,0,0,0,0,0,0,0,0,0,0,0,0,0,0,0,0,0,0,0,0,0,0,0,0.518798019,0,0.262367363,0.373936432,0,0,0,0,0,0,0,0,0,0,0,0,0,0,0,0,0,0,0,0,0,0,0,0,0,0,0,0,0,0,0,0,0,0,0,0,0,0,0,0,0,0,0,0,0,0,0,0,0,0,0,0,0,0,0,0,0,0,0,0,0,0,0,0,0,0,0,0,0,0,0,0,0,1.029798655,0,0,0,0,0,0,0,0,0,0,0,0,0,0,0,0,0,0,0,0,0
KOS-01,Southeast Corner,Buoy-16,Outer,5.265350946,162.9805157,0,0,0,0,0,0.66176239,0,0,0,0,0,0,0,0,0,0,0,0,0,0,0,0,0,0,0,0,0,0,0,0,0,0,0,0,0,0,0,0,0,0.532824933,0,0,0.553931508,0,0,0,0,0,0,0,0,0,0,0,0,0,0,0,0,0,0,0,0,0,0,0,0,0,0,0,0.232550292,0,0,0,0,0,0,0,0,0,0,0,0,0,0,0,0.679862501,0,0,0,0,0,0,0,0,0,0,0,0,0,0,0,0,0,0,0,0,0,0,0,0,0,0,0,0,0,0.451110383,0.27190713,0,0,0.490017132,0,0,0,0,0,0,0,0,0,0,0.134729172,0,0,0,0,0,0
KOS-01,Southeast Corner,Buoy-16,Outer,5.265350946,162.9805157,0,0,0,0,0,0.058891288,0,0,0,0,0,0,0,0,0,0,0,0,0,0,0,0,0,0,0,0,0,0,0,0,0,0,0,0,0,0.25427266,0,0,0,0.480955804,0,0,0.358373076,0,0,0,0,0,0,0,0,0,0,0,0,0,0,0,0,0,0,0,0,0,0,0,0,0,0,0,0,0,0,0,0,0,0,0,0,0,0,0,0,0,0,0,0.197882576,0,0,0,0,0,0,0,0,0,0,0,0,0,0,0,0,0,0,0,0,0,0,0,0,0,0,0,0,0,0,0,0,0,0,0,0,0,0,0,0,0,0,0,0,0,0,0,0,0,0,0
KOS-01,Southeast Corner,Buoy-16,Outer,5.265350946,162.9805157,0,0,0,0,0,0,0,0,0,0,0,0,0,0.103788678,0,0,0,0,0,0,0,0,0,0,0.220159628,0,0,0,0,0,0,0,0,0,0,0,0,0,0,0.625152823,0,0,0.185171078,0,0,0,0,0,0,0,0,0,0,0,0,0,0,0,0,0,0,0,0,0,0,0,0,0,0,0,0,0,0,0,0,0,0,0,0,0,0,0,0,0,0,0,0,0,0,0,0,0,0,0,0,0,0,0,0,0,0,0,0,0,0,0,0,0,0,0,0,0,0,0,0,0,0.359798974,0,0,0,0,0,0,0,0,0,0,0,0,0,0,0,0,0,0,0,0,0
KOS-01,Southeast Corner,Buoy-16,Outer,5.265350946,162.9805157,0,0,0,0,0,0.44076714,0,0,0,0,0,0,0,0,0,0,0,0,0,0,0,0,0,0,0,0,0,0,0.038873118,0,0,0,0,0,0.786429855,0,0,0,0,0.247330638,0,0,0.107419389,0,0,0,0,0,0,0,0,0,0,0,0,0,0,0,0,0,0,0,0,0,0,0,0,0,0,0,0.180484043,0,0,0,0,0,0,0,0,0,0,0,0,0,0,0,0.885022061,0,0,0,0,0,0,0,0,0,0,0,0,0,0,0,0,0,0,0,0,0,0,0,0,0,0,0,0,0,0.625662278,0,0,0,0,0,0,0,0.079234194,0,0,0,0,0,0,0,0,0,0,0,0,0
KOS-01,Southeast Corner,Buoy-16,Outer,5.265350946,162.9805157,0,0,0,0,0,0,0,0,0,0,0,0,0,0,0,0,0,0,0,0,0,0,0,0,0,0,0,0,0.194046606,0,0,0,0,0,0,0,0,0,0,1.135108314,0,0,0,0,0,0,0,0,0,0,0,0,0,0,0,0,0,0,0,0,0,0,0,0,0,0,0,0,0,0,0,0,0,0,0,0,0,0,0,0,0,0,0,0,0,0,0,0,0,0,0,0,0,0,0,0,0,0,0,0,0,0,0,0,0,0,0,0,0,0,0.721012948,0,1.091231474,0,0,0,0.783599506,0.447228451,0.361427268,0,0,0,0,0.356350255,0,0,0,0,0.47787202,0,0,0.513412998,0,0,0,0,0,0
KOS-01,Southeast Corner,Buoy-16,Outer,5.265350946,162.9805157,0,0,0,0,0,0.858862462,0,0,0,0,0,0,0,0,0,0,0,0,0,0,0,0,0,0,0,0,0,0,0,0,0,0,0,0.207390806,0,0,0,0,0,0.386848512,0,0,0,0,0,0,0,0,0,0,0,0,0,0,0,0,0,0,0,0,0,0,0,0,0,0,0,0,0,0,0,0,0,0,0,0,0,0,0,0,0,0,0,0,0,0,0.321482264,0,0,0,0,0,0,0,0,0,0,0,0,0,0,0,0,0,0,0,0,0,0,0,0,0,0,0,0,0,0,0.626247122,0,0,0,0,0,0,0,0,0,0,0,0,0,0,0,0,0,0,0,0
KOS-01,Southeast Corner,Buoy-16,Outer,5.265350946,162.9805157,0,0,0,0,0,0,0,0,0,0,0,0,0,0,0,0,0,0,0,0,0,0,0,0,0,0,0,0,0,0,0,0,0,1.699273445,0,0,0,0,0,0,0,0,0.167534533,0,0,0.369348565,0,0,0,0,0,0,0,0,0,0,0,0,0,0,0,0,0,0,0,0,0,0,0,0,0,0,0.318285933,0,0,0,0,0,0,0,0,0,0,0,0,0,0.679862501,0,0,0,0,0,0,0,0,0,0,0,0,0,0,0,0,0,0,0,0,0,0,0,0,0,0,0,0,0,0,0,0,0,0,0,0,0,0,0,0,0,0,0,0,0,0,0,0,0,0,0
KOS-01,Southeast Corner,Buoy-16,Outer,5.265350946,162.9805157,0,0,0,0,0,0.210706686,0,0,0,0,0,0,0,0,0,0,0,0,0,0,0,0,0,0,0,0,0,0,0,0,0,0,0,0.112252782,0,0,0,0,0,0.37464633,0,0,0.035806463,0,0,0,0,0,0,0,0,0,0,0,0,0,0,0,0.089032393,0,0,0,0,0,0,0,0,0,0,0,0.36436184,0,0,0,0,0,0,0,0,0,0,0,0,0,0,0,0.34737495,0,0.226482366,0,0,0,0,0,0,0,0,0,0,0,0,0,0,0,0,0,0,0,0,0,0,0,0,0,0,0,1.136243753,0,0,0,0,0,0,0,0,0,0,0,0,0,0,0,0,0,0,0,0,0
KOS-01,Southeast Corner,Buoy-16,Outer,5.265350946,162.9805157,0,0,0,0,0,0,0.176120127,0,0,0,0,0,0,0,0,0,0,0,0,0,0,0,0,0,0,0,0,0,0,0,0,0,0,0,0,0,0,0,0,0.572489101,0,0,0.553931508,0,0,0,0,0,0,0,0,0,0,0,0,0,0,0,0,0,0,0,0,0,0,0,0,0,0,0,0,0,0,0,0,0,0,0,0,0,0,0,0,0,0,0,0.358380237,0,0,0,0,0,0,0,0,0,0,0,0,0,0,0,0,0,0,0,0,0,0,0,0,0,0,0,0,0,1.452298866,0,0.218706182,0,0.330525724,0,0,0,0,0,0,0,0,0,0,0,0,0,0,0,0,0
KOS-01,Southeast Corner,Buoy-16,Outer,5.265350946,162.9805157,0,0,0,0,0,0.392289436,0,0,0,0,0,0,0,0,0,0,0,0,0,0,0,0,0,0,0,0,0,0,0,0,0,0,0,0,0,0,0,0,0,0.475728867,0,0,0.418101922,0,0,0,0,0,0,0,0,0,0,0,0,0,0,0,0,0,0,0,0,0,0,0,0,0,0,0,0,0,0,0,0,0,0,0,0,0,0,0,0,0,0,0,0,0,0,0,0,0,0,0,0,0,0,0,0,0,0,0,0,0,0,0,0,0,0,0,0,0,0,0.59935071,0,0,0,0,0,0,0,0,0,0,0,0,0,0,0,0,0,0,0,0,0,0,0,0
KOS-01,Southeast Corner,Buoy-16,Outer,5.265350946,162.9805157,0,0,0,0,0,0,0,0,0,0,0,0,0,0,0,0,0,0,0,0,0,0,0,0,0,0,0,0,0,0,0,0,0,0,0,0,0,0,0,0,0,0,0.31843019,0,0,0.808569192,0,0,0,0,0,0,0,0,0,0,0,0,0,0,0,0,0,0,0,0,0,0,0,0,0,0.297190872,0,0,0,0,0,0,0,0,0,0,0,0,0,0,0,0,0,0,0,0,0,0,0,0,0,0,0,0,0,0,0,0,0,0,0,0,0,0,0.543984201,0,0,0,0,0,0,0,0,0,0,0,0,0,0,0,0,0,0,0,0,0,0,0,0,0,0,0
KOS-01,Southeast Corner,Buoy-16,Outer,5.265350946,162.9805157,0,0,0,0.141441991,0,0,0,0,0,0,0,0,0,0,0,0,0,0,0,0,0,0,0,0,0,0,0.025170466,0,0,0,0,0,0,0,0,0,0,0.287962793,0,0.086683537,0,0,0.035806463,0,0,0,0,0,0,0,0,0,0,0,0,0,0,0,0.118512472,0,0,0,0,0,0,0,0,0,0,0,0,0,0,0,0,0,0,0,0,0,0,0,0,0,0,0,0.149492374,1.45012612,0,0,0,0,0,0,0,0,0,0,0,0,0,0,0,0,0,0,0,0,0,0,0,0,0,0,0,0,0.409527884,0,0,0,0,0,0,0,0,0,0,0,0,0,0,0,0,0,0,0,0,0
KOS-01,Southeast Corner,Buoy-16,Outer,5.265350946,162.9805157,0,0,0,0.120122878,0,0,0.176120127,0,0,0,0,0,0,0,0,0,0,0,0,0,0,0,0,0,0,0,0,0,0,0,0,0,0,0,0,0,0,0,0,0.625152823,0,0,0,0,0,0,0,0,0,0,0,0,0,0,0,0,0,0,0,0,0,0,0,1.12474271,0,0,0,0,0,0,0.205435138,0,0,0,0,0,0,0,0,0,0,0,0,0,0,0,0,0,0.886421069,0,0,0,0,0,0.502477529,0,0,0,0,0,0,0,0,0,0,0,0,0,0,0,0,0,0,0,0,0,0.431090342,0,0,0,0,0,0,0,0,0,0,0,0,0.093365097,0,0,0,0,0,0,0,0
KOS-01,Southeast Corner,Buoy-16,Outer,5.265350946,162.9805157,0,0,0,0,0,0.968976894,0,0,0,0,0,0,0,0,0,0,0,0,0,0,0,0,0,0,0,0,0,0,0,0,0,0,0.226201469,0,0,0,0,0,0,0.760795578,0,0,0.925345088,0,0,0,0,0,0,0,0,0,0,0,0,0,0,0,0,0,0,0,0,0,0,0,0,0,0,0,0,0,0,0,0,0,0,0,0,0,0,0,0,0,0,0,0,0,0,0,0,0,0,0,0,0,0,0,0,0,0,0,0,0,0,0,0,0,0,0,0,0,0,0,0,0,0,0,0,0,0,0,0,0,0,0,0,0,0.578970879,0,0,0,0,0,0,0,0,0
KOS-01,Southeast Corner,Buoy-16,Outer,5.265350946,162.9805157,0,0,0,0,0,0,0,0,0,0,0,0,0,0.217699781,0,0,0,0,0,0,0,0,0,0,0,0,0,0,0,0,0,0,0,0.064266061,0,0,0,0,0,0.037605796,0,0,0.280356883,0,0,0,0,0,0,0,0,0,0,0,0.080167091,0,0,0,0,0,0,0,0,0,0,0,0,0,0,0,0,0,0,0,0,0,0,0,0,0,0,0,0,0,0,0,0.149492374,0,0,0,0,0,0,0,0,0,0,0,0,0,0,0,0,0,0,0,0,0,0,0,0,0,0,0,0,0,0,0,0,0,0,0,0,0,0,0,0,0,0,0,0,0,0,0,0,0,0,0
KOS-01,Southeast Corner,Buoy-16,Outer,5.265350946,162.9805157,0,0,0,1.171354584,0,0.248232558,0,0,0,0,0,0,0,0,0,0,0,0,0,0,0,0,0,0,0,0,0,0,0,0,0,0,0,0.064266061,0,0,0,0,2.02107705,0.287962793,0,0,0,0,0,0,0,0,0,0,0,0,0,0,0,0,0,0,0.219770543,0,0,0,0,0,0,0,0,0,0,0,0,0,0,0,0,0,0,0,0,0,0,0,0,0,0,0,0,0,0,0,0,0,0,0,0,0,0,0,0,0,0,0,0,0,0,0.076135788,0,0,0,0,0,0,0,0,0,0,0.685132772,0,0,0,0,0,0,0,0,0,0,0,0,0,0,0,0,0,0,0,0,0
KOS-01,Southeast Corner,Buoy-16,Outer,5.265350946,162.9805157,0,0,0,0,0,0,0,0,0,0,0,0,0,0,0,0,0,0,0,0,0,0,0,0,0,0,0,0,0,0,0,0,0,0,0,0,0,0,0,1.122627319,0,0,0,0,0,0,0,0,0,0,0,0,0,0,0.41152511,0,0,0,0,0,0,0,0,0.966108611,0,0,0,0,0,0,0.261915251,0,0,0,0,0,0,0,0,0,0,0,0,0,0,0,0,0,0,0,0,0,0,0,0,0,0,0,0,0,0,0,0,0,0,0,0,0,0.6942232,0,0,0,0.488650146,0,0,0,0.50199302,0,0,0,0.428772079,0,0,0,0,0,0,0,0,0,0,0,0,0,0,0,0,0
KOS-01,Southeast Corner,Buoy-16,Outer,5.265350946,162.9805157,0,0,0,0,0,0,0,0,0,0,0,0,0,0,0,0,0,0,0,0,0,0,0,0,0,0,0,0,0,0,0,0,0,0,0,0,0,0,0,0.760795578,0,0,0.555513234,0,0,0,0,0,0,0,0,0,0,0,0,0,0,0,0,0,0,0,0,0,0,0,0,0,0,0,0,0,0,0,0,0,0,0,0,0,0,0,0,0,0,0,0.287052565,0,0,0,0,0,0,0,0,0,0,0,0,0,0,0,0,0,1.087449858,0,0,0,0,0,0,0,0,0,0,0,0,0,0,0,0,0,0,0,0,0,0,0,0,0,0,0,0,0,0,0,0,0
KOS-01,Southeast Corner,Buoy-16,Outer,5.265350946,162.9805157,0,0,0,0,0,0,0,0,0,0,0,0,0,0,0,0,0,0,0,0,0,0,0,0,0,0,0.667229967,0,0,0,0,0,0,0,0,0,0,0,0,0.466196476,0,0,0.135844068,0,0,0.164579958,0,0,0,0,0,0,0,0,0,0,0,0,1.073176111,0,0,0,0,0,0,0,0,0,0,0,0,0,0,0,0,0,0,0,0,0,0,0,0,0,0,0,0.225322816,0,0,0,0,0,0,0,0,0,0,0,0,0,0,0,0,0,0,0,0,0,0,0,0,0,0,0,0,0,0.362959432,0,0,0,0,0,0,0,0,0,0,0,0,0,0,0,0,0,0,0,0,0
KOS-01,Southeast Corner,Buoy-16,Outer,5.265350946,162.9805157,0,0,0,0.989511372,0,0.68994573,0,0,0,0,0,0,0,0,0,0,0,0,0,0,0,0,0,0,0,0,0,0,0,0,0,0,0,0,0,0,0,0,2.02107705,0.340282063,0,0,0.140226162,0,0,0,0,0,0,0,0,0,0,0,0,0,0,0,0,0,0,0,0,0.757120588,0,0,0,0,0,0,0,0,0,0,0,0,0,0,0,0,0,0,0,0,0,0,0.757207701,0,0,0,0,0,0,0,0,0,0,0,0,0,0,0,0,0,0.463534492,0,0,0,0,0,0,0,0,0,0,0,0.024357209,0,0,0,0,0,0,0,0,0,0,0,0,0,0,0,0,0,0,0,0,0
KOS-01,Southeast Corner,Buoy-16,Outer,5.265350946,162.9805157,0,0,0,0,0,0,0,0,0.109407713,0,0,0,0,0,0,0,0,0,0,0,0,0,0,0,0,0,0,0,0.150165782,0,0,0,0,0,0,0,0,0,0,0.957102325,0,0,0.739102586,0,0,0,0,0,0,0,0,0,0,0,0,0,0,0,0,0,0,0,0,0,0,0,0,0,0,0,0,0,0,0,0,0,0,0,0,0,0,0,0,0,0,0,0.679862501,0,0,0,0,0,0,0,0,0,0,0,0.637907107,0,0,0,0,0,0,0,0,0,0,0,0,0,0,0,0,0,0,0,0,0,0.455380575,0,0,0,0,0,0,0,0,0,0,0,0,0,0,0,0,0
KOS-01,Southeast Corner,Buoy-16,Outer,5.265350946,162.9805157,0,0,0,0,0,0.322992298,0,0,0,0,0,0,0,0,0,0,0,0,0,0,0,0,0,0,0,0,0,0,0,0,0,0,0,0,0,0,0,0,0,0.325357754,0,0,0.449693964,0,0,0,0,0,0,0,0,0,0,0,0,0,0,0,0,0,0,0,0,0,0,0,0,0,0,0,0.588020746,0,0,0,0,0,0,0,0,0,0,0,0,0,0,0,0,0.752145558,0,0,0,0,0,0,0,0,0,0,0,0,0,0,0,0,0,0,0,0,0,0,0,0,0,0,0,0,0,0,0,0,0,0,0,0,0,0,0,0,0.445819038,0,0,0,0,0,0,0,0,0
KOS-01,Southeast Corner,Buoy-16,Outer,5.265350946,162.9805157,0,0,0,0,0,0,0,0,0,0,0,0,0,0,0,0,0,0,0,0,0,0,0,0,0,0,0,0,0,0,0,0,0,0.07829275,0,0,0,0,0,0.329678535,0,0,0.454074307,0,0,0,0,0,0,0,0,0,0,0,0.208823256,0,0,0,0,0,0,0,0,0,0,0,0,0,0,0,0,0,0,0,0,0,0,0,0,0,0,0,0,0,0,0,0,0,0.381374068,0,0,0,0,0,0,0,0,0,0,0,0,0,0,0,0,0.26008643,0,0,0,0,0,0,0,0,0,0,0,0,0,0,0,0,0,0,0,0,0,0,0,0,0,0,0,0,0,0,0,0
KOS-01,Southeast Corner,Buoy-16,Outer,5.265350946,162.9805157,0,0,0,0.120122878,0,0,0,0,0,0,0,0,0,0,0,0,0,0,0,0,0,0,0,0,0,0,0,0,0,0,0,0,0,0.052038429,0,0,0,0.507957756,0,1.344600823,0,0,0,0,0,0,0,0,0,0,0,0,0,0,0,0,0,0,0,0,0,0,0,0,0,0,0,0,0,0,0,0,0,0,0,0,0,0,0,0,0,0,0,0,0,0,0.149492374,0,0,0,0,0,0,0,0,0,0,0,0,0,0,0,0,0,0.463534492,0,0,0,0,0,0,0,0,0,0,0,0.299780608,0,0,0,0,0,0,0,0,0,0,0,0,0,0,0,0,0,0,0,0,0
KOS-01,Southeast Corner,Buoy-16,Outer,5.265350946,162.9805157,0,0,0,0.261564869,0,0,0,0,0,0,0,0,0,0,0,0,0,0,0,0,0,0,0,0,0,0,0,0,0,0,0,0,0,0,37.47787795,0,0,0,0.326956029,1.752258509,0,0,0.6733892,0,0,0,0,0,0,0,0,0,0,0,0,0,0,0,0,0,0,0,0,0,0,0,0,0,0,0,0.232550292,0,0,0,0,0,0.317832024,0,0,0,0,0,0,0,0,0,0.719296325,1.026440778,0,0,0,0,0,0,0,0,0,0,0,0,0,0,0,0,0,0,0,0,0,0,0,0,0,0,0,0,0,0,0,0,0.371265101,0,0,0,0,0,0,0,0,0,0,0,0,0,0,0,0,0
KOS-01,Southeast Corner,Buoy-16,Outer,5.265350946,162.9805157,0,0,0,0,0,1.10014371,0,0,0,0,0,0,0,0,0,0,0,0,0,0,0,0,0,0,0,0,0,0,0,0,0,0,0,0,0,0,0,0,2.173214126,0.938494374,0,0,0.92585539,0,0,0,0,0,0,0,0,0,0,0,0,0,0,0,0,0,0,0,0,0,0,0,0,0,0,0,0,0,0,0,0,0,0,0,0,0,0,0,0,0,0,0,0,0,0,0,0,0,0,0,0,0,0,0,0,0,0,0,0,0,0,0,0,0,0,0,0,0,0,0,0,0,0,0,0,0,0,0,0,0,0,0,0,0,0,0,0,0,0,0,0,0,0,0
KOS-01,Southeast Corner,Buoy-16,Outer,5.265350946,162.9805157,0,0,0,0,0,0,0,0,0,0,0,0,0,0,0,0,0,0,0,0,0,0,0,0,0,0,0,0,0,0,0,0,0,0.339832823,0,0,0,0,0,0,0,0,0.364273675,0,0,0,0,0,0,0,0,0,0,0,0,0,0,0,0,0,0,0,0,0,0,0,0,0,0,0,0,0,0.11749862,0,0,0,0,0,0,0,0,0,0,0,0,0,0,0,0,0,0,0,0,0,0,0,0,0,0,0,0,0,0,0,0,0,0,0,0,0,0,0,0,0,0,0,0,0,0,0,0,0,0,0,0,0,0,0,0,0,0,0,0,0,0,0,0,0
KOS-01,Southeast Corner,Buoy-16,Outer,5.265350946,162.9805157,0,0,0,0.23823804,0,0,0,0,0,0,0,0,0,0,0,0,0,0,0,0,0,0,0,0,0,0,0,0,0,0,0,0,0,0,0,0,0,0,0,0,0,0,0.312827278,0,0,0,0,0,0,0,0,0,0,0,0,0,0,0,0,0,0,0,0,0,0,0,0,0,0,0,0,0,0,0,0,0,0,0,0,0,0,0,0,0,0,0,0.149492374,0,0,0,0,0,0,0,0,0,0,0,0,0,0,0,0,0,0,0,0,0,0,0,0,0,0,0,0,0,0.177122465,0,0,0,0,0,0,0,0,0,0,0,0,0,0,0,0,0,0,0,0,0
KOS-01,Southeast Corner,Buoy-16,Outer,5.265350946,162.9805157,0,0,0,0,0,0,0,0,0,0,0,0,0,0,0,0,0,0,0,0,0,0,0,0,1.227590593,0,0.856929374,0,0,0,0,0,0,0,0,0,0,0,0,0.58829242,0,0,0.40403352,0,0,0.464084886,0,0,0,0,0,0,0,0,0,0,0,0,0,0,0,0,0,0,0,0,0,0,0,0,0,0,0,0,0,0,0.248288546,0,0,0,0,0,0,0,0,0,0.397814061,0,0,0,0,0,0,0,0,0,0,0,0,0,0,0,0,0,0,0,0,0,0,0,0,0,0,0,0,0,0.215545171,0,0,0,0,0,0,0,0,0,0,0,0,0,0,0,0,0,0,0,0,0
KOS-01,Southeast Corner,Buoy-16,Outer,5.265350946,162.9805157,0,0,0,0.283355227,0,2.331992625,0,0,0,0,0,0,0,0,0,0,0,0,0,0,0,0,0,0,0,0,0,0,0,0,0,0,0,0,0,0,0,0.507957756,0,0,0,0,1.086752544,0,0,0,0,0,0,0,0,0,0,0,0,0,0,0,0,0,0,0,0,0,0,0,0,0,0,0,0.261915251,0,0,0,0,0,0,0,0,0,0,0,0,0,0,0,0,0,0,0.267469176,0,0,0,0,0,0,0,0,0,0,0,0,0,0,0,0,0,0,0,0,0,0,0,0,0,0,0.451110383,0,0,0,0,0,0,0,0,0,0,0,0,0,0,0,0,0,0,0,0,0
KOS-02,South,Buoy-21,Outer,5.266485882,162.9351378,0,0,0,0,0,0.026925144,0,0,0,0,0,0,0,0,0,0,0,0,0,0,0,0,0,0,0,0,0,0,0,0,0,0,0,0,0,0,0,0,0,0.505883816,0,0,0.185171078,0,0,0.220753608,0,0,0,0,0,0,0,0,0,0,0,0,0,0,0,0,0,0,0,0,0,0,0,0,0,0,0,0,0,0,0,0,0,0,0,0,0,0,0,0,0,0,0,0,0,0,0,0,0,0,0,0,0,0,0,0,0,0,0,0,0,0,0,0,0,0,0,0,0,0,0.319124481,0,0,0,0,0,0,0,0,0,0,0,0,0,0,0,0,0,0,0,0,0
KOS-02,South,Buoy-21,Outer,5.266485882,162.9351378,0,0,0,0,0,0.152016096,0,0,0,0,0,0,0,0,0,0,0,0,0,0,0,0,0,0,0,0,0,0,0,0,0,0,0,0,0,0,0,0,0,0.920628267,0,0,0.513322913,0,0,0,0,0,0,0,0,0,0,0,0,0,0,0,0,0,0,0,0,0,0,0,0,0,0,0,0,0,0,0,0,0,0,0,0,0,0,0,0,0,0,0,0,0,0,0,0,0,0,0,0,0,0,0,0,0.10648,0,0,0,0,0,0,0,0,0,0,0,0,0,0,0,0,0,0,0,0,0,0,0,0,0,0,0,0,0,0,0,0,0,0,0,0,0,0
KOS-02,South,Buoy-21,Outer,5.266485882,162.9351378,0,0,0,0,0,0.151656616,0,0,0,0,0,0,0,0,0,0,0,0,0,0,0,0,0,0,0,0,0,0,0,0,0,0,0,0.154942042,0,0,0,0,0,0.656618373,0,0,0.331317882,0,0,0,0,0,0,0,0,0,0,0,0,0,0,0,0,0,0,0,0,0,0,0,0,0,0,0,0,0,0,0,0,0,0,0,0,0,0,0,0,0,0,0,0,0,0,0,0,0,0,0,0,0,0,0,0.069753865,0.16891721,0,0,0,0,0,0,0,0,0,0,0,0,0,0,0,0,0.64140546,0.087005328,0,0,0,0,0,0,0,0,0,0,0,0,0,0,0,0,0,0,0,0
KOS-02,South,Buoy-21,Outer,5.266485882,162.9351378,0,0,0,0,0,0.160716917,0,0,0,0,0,0,0,0,0,0,0,0,0,0,0,0,0,0,0,0,0.294473307,0,0,0,0,0,0,0,0,0,0,0,0,0.626561485,0,0,0.254004255,0.026961767,0,0,0,0,0,0,0,0,0,0,0,0,0,0,0,0,0,0,0,0,0,0,0,0,0,0,0,0,0,0,0,0,0,0,0,0,0,0,0,0,0,0,0,0,0,0,0,0,0,0,0,0,0,0,0,0,0,0,0,0,0,0,0,0,0,0,0,0,0,0,0,0,0,0,0,0,0,0,0,0,0,0,0,0,0,0,0,0,0,0,0,0,0,0
KOS-02,South,Buoy-21,Outer,5.266485882,162.9351378,0,0,0,0,0,0.229396131,0,0,0,0,0,0,0,0,0,0,0,0,0,0,0,0,0,0,0,0,0,0,0,0,0,0,0,0.154942042,0,0,0,0,0,0.617212789,0,0,0.149897988,0,0,0,0,0,0,0,0,0,0,0,0,0,0,0,0,0,0,0,0,0,0,0,0,0,0,0,0,0,0,0,0,0,0,0,0,0,0,0,0,0,0,0,0.427652699,0,0,0,0,0,0,0,0,0,0,0,0.055854316,0,0,0,0,0,0,0,0,0,0,0,0.443623964,0,0,0,0,0,0,0,0,0,0,0,0,0,0,0,0,0,0,0,0,0,0,0,0,0,0,0
KOS-02,South,Buoy-21,Outer,5.266485882,162.9351378,0,0,0,0.249968949,0,0.310631709,0,0,0,0,0,0,0,0.142701691,0,0,0,0,0,0,0,0,0,0,0,0,0,0,0,0,0,0,0,0,0,0,0,0,0,0,0,0,0.318230239,0,0,0,0,0,0,0,0,0,0,0,0,0,0,0,0,0,0,0,0,0,0,0,0,0,0,0,0,0,0,0,0,0,0,0,0,0,0,0,0,0,0,0,0.255022601,0,0,0,0,0,0,0,0,0,0,0,0,0,0,0,0,0,0,0,0,0,0,0,0,0,0.278083007,0,0,0,0.281606486,0.212944332,0,0,0,0.52701877,0,0,0,0,0,0,0,0,0,0,0,0,0,0,0,0
KOS-02,South,Buoy-21,Outer,5.266485882,162.9351378,0,0,0,0,0,0.195522091,0,0,0,0.035779347,0,0,0,0,0,0,0,0,0,0,0,0,0,0,0,0,0.259933875,0,0,0,0,0,0,0,0,0,0,0,0,0.501361122,0,0,0.380816322,0,0,0.054843354,0,0,0,0,0,0,0,0,0,0,0,0,0,0,0,0,0,0,0,0,0,0,0,0,0.205435138,0,0,0,0,0,0,0,0,0,0,0,0,0,0,0,0,0,0,0,0,0,0,0,0,0,0,0,0,0,0,0,0,0,0,0,0,0,0,0,0,0,0,0,0,0,0.115838065,0,0,0,0,0,0,0,0,0,0,0,0,0,0,0,0,0,0,0,0,0
KOS-02,South,Buoy-21,Outer,5.266485882,162.9351378,0,0,0,0,0,0,0,0,0,0,0,0,0,0,0,0,0,0,0,0,0,0,0,0,0,0,0.464235583,0,0,0,0,0,0,0.237598651,0,0,0,0,0,0.63628538,0,0,3.024452511,0,0,0,0,0,0,0,0,0,0,0,0,0,0,0,0,0,0,0,0,0,0,0,0,0,0,0,0,0,0,0,0,0,0,0,0,0,0,0,0,0,0,0,0,0,0,0,0,0,0,0,0,0,0,0,0,0,0,0,0,0,0,0,0,0,0,0,0,0,0,0.164081843,0,0,0.186753599,0,0,0,0,0,0,0,0,0,0,0,0,0,0,0,0,0,0,0,0,0
KOS-02,South,Buoy-21,Outer,5.266485882,162.9351378,0,0,0,0,0,0.062704491,0,0,0,0,0,0,0,0,0,0,0,0,0,0,0,0,0,0,0,0,0.758047052,0,0,0,0,0,0,0,0,0,0,0,0,0.303920377,0,0,0.384438275,0,0,0,0,0,0,0,0,0,0,0,0,0,0,0,0,0,0,0,0,0,0,0,0,0,0,0,0,0,0,0,0,0,0,0,0,0,0,0,0,0,0,0,0,0,0,0,0,0,0,0,0,0,0,0,0,0,0,0,0,0,0,0,0,0,0,0,0,0,0,0,0,0,0.137025294,0,0,0,0,0,0,0,0,0,0,0,0,0,0,0,0,0,0,0,0,0
KOS-02,South,Buoy-21,Outer,5.266485882,162.9351378,0,0,0,0,0,0.035779347,0,0,0,0,0,0,0,0,0,0,0,0,0,0,0,0,0,0,0,0,0,0,0,0,0,0,0,0,0,0,0,0,0,0.37316943,0,0,0.583286654,0,0,0,0,0,0,0,0,0,0,0,0,0,0,0,0,0,0,0,0,0,0,0,0,0,0,0,0,0,0,0,0,0,0,0,0,0,0,0,0,0,0,0,0.149492374,0,0,0,0,0.03010287,0,0,0,0,0,0,0,0,0,0,0,0,0,0,0,0,0,0,0,0,0,0,0,0,0,0,0,0,0,0,0,0,0,0,0,0,0,0,0,0,0,0,0,0,0,0
KOS-02,South,Buoy-21,Outer,5.266485882,162.9351378,0,0,0,0.164996328,0,0.171997744,0,0,0,0,0,0,0,0,0,0,0,0,0,0,0,0,0,0,0,0,0,0,0,0,0,0,0,0,0,0,0,0,0,1.559314752,0,0,0.322449184,0,0,0.288625279,0,0,0,0,0,0,0,0,0,0,0,0,0,0,0,0,0,0,0,0,0,0,0,0,0,0,0,0,0,0,0,0,0,0,0,0,0,0,0,0,0,0,0,0,0,0,0,0,0,0,0,0,0,0,0,0,0,0,0,0,0,0,0,0,0,0,0,0,0,0,0.79367394,0,0,0,0,0,0,0,0,0,0,0,0,0,0,0,0,0,0,0,0,0
KOS-02,South,Buoy-21,Outer,5.266485882,162.9351378,0,0,0,0,0,0.072729356,0,0,0,0,0,0,0,0,0,0,0,0,0,0,0,0,0,0,0,0,0,0,0,0,0,0,0,0,0,0,0,0,0,0.33719003,0,0,0.119457692,0,0,0.191276307,0,0,0,0,0,0,0,0,0,0,0,0,0,0,0,0,0,0,0,0,0,0,0,0,0,0,0.187931108,0,0,0,0,0,0,0,0,0,0,0,0,0,0.287052565,0,0.429222547,0,0,0,0,0,0.230754933,0,0,0,0,0,0,0,0,0,0,0,0,0,0,0,0,0,0.358460637,0,0,0,0,0,0,0,0,0,0,0,0,0.273898713,0,0,0,0,0,0,0,0,0,0,0,0
KOS-03,Walung Point,Buoy-27,Outer,5.28946583,162.9023588,0,0,0,0,0,0,0,0,0,0,0,0,0,0,0,0,0,0,0,0,0,0,0,0,0,0,0,0,0,0,0,0,0,0,0,0,0,0,0,0.230449311,0,0,0.258581142,0,0,0,0,0,0,0,0,0,0,0,0,0,0,0,0,0,0,0,0,0,0,0,0,0,0,0,0,0,0,0,0,0,1.036890114,0,0,0,0,0,0,0,0,0,0,0,0,0,0,0,0,0,0,0,0,0,0,0,0,0,0,0,0,0,0,0,0,0.356350255,0,0,0,0,0,0,0,0,0,0,0,0,0,0,0,0,0,0,0,0,0,0,0,0,0,0,0,0
KOS-03,Walung Point,Buoy-27,Outer,5.28946583,162.9023588,0,0,0,0.240245756,0,0.30537451,0,0,0,0,0,0,0,0,0,0,0,0,0,0,0,0,0,0,0,0,0.464235583,0,0,0,0,0,0,0,0,0,0,0,0,0.312532747,0,0,0.272516423,0,0,0.220753608,0,0,0,0,0,0,0,0,0,0,0,0.148501321,0,0,0,0,0,0,0,0,0,0,0,0,0.221894031,0.297190872,0,0,0,0,0,0,0,0,0,0,0,0,0,0,0.576872202,0,0,0,0,0,0,0,0.230754933,0,0,0,0,0,0,0,0,0,0,0,0,0,0,0,0,0,0,0,0,0,0,0,0,0,0,0,0,0,0,0,0,0,0,0,0,0,0,0,0,0,0,0
KOS-03,Walung Point,Buoy-27,Outer,5.28946583,162.9023588,0,0,0,0,0,0,0,0,0,0,0,0,0,0,0,0,0,0,0,0,0,0,0,0,0,0,0,0,0,0,0,0,0,0,0,0,0,0,0,0.73455433,0,0,0.76606477,0,0,0,0,0,0,0,0,0,0,0,0,0,0,0,0,0,0,0,0,0,0,0,0,0.180193263,0,0,0.205435138,0,0,0,0,0,0.189446897,0,10.37745682,0,0,0,0,0,0,0,0,0,0,0,0,0,0,0,0,0,0,0,0,0,0,0,0,0,2.886199679,0,0,0,0,0,0,0,0,0,0,0,0,1.450709513,0,0,0,0,0,0,0,0,0,0,0,0,0,0,0,0,0,0,0,0
KOS-03,Walung Point,Buoy-27,Outer,5.28946583,162.9023588,0,0,0,0,0,0,0,0,0,0,0,0,0,0.995571274,0,0,0,0,0,0,0,0,0,0,0,0,0,0,0,0,0,0,0,0,0,0,0,0,0,0.253598526,0,0,0.4512894,0,0,0,0,0,0,0,0,0,0.693314429,0,0,0,0,0,0,0,0,0,0,0,0,0,0,0,0,0,0,0,0,0,0,0,0,0,0,0,0,0,0,0,0,0,0,0,0,0,0,0,0,0,0,0,0,0,0,0,0,0,0,0,0,0,0,0,0,0,0,0,0,0,0,0,0,0,0,0,0,0,0,0,0,0,0,0,0,0,0,0,0,0,0,0,0,0
KOS-03,Walung Point,Buoy-27,Outer,5.28946583,162.9023588,0,0,0,0,0,0.090248139,0,0,0,0,0,0,0,0,0,0,0,0,0,0,0,0,0,0,0,0,0,0,0,0,0,0,0,0.104076858,0,0,0,0,0,0.266314581,0,0,0.13467784,0,0,0,0,0,0,0,0,0,0,0,0,0,0,0,0,0,0,0,0,0,0,0,0,0,0,0,0,0,0,0,0,0,0,0,0,0,0,0,0,0,0,0,0,0,0,0,0,0,0,0,0,0,0,0,0,0,0,0,0,0,0,0,0,0,0,0,0,0,0,0,0,0,0.497151657,0,0,0,0,0,0,0,0,0,0,0,0,0,0,0,0,0,0,0,0,0
KOS-03,Walung Point,Buoy-27,Outer,5.28946583,162.9023588,0,0,0,0,0,0,0,0,0,0,0,0.309310613,0,0.059822458,0,0,0,0,0,0,0,0,0,0,0,0,0,0,0,0,0,0,0,0,0,0,0,0,0,0,0,0,0.232811701,0,0,0,0,0,0,0,0,0,0,0,0,0,0,0,0.831789481,0,0,0,0,0,0,0,0,0,0,0,0,0,0,0,0,0,0,0,0,0,0,0,0,0,0,0,0,0,0,0,0,0,0,0,0.171234744,0,0,0,0,0,0,0,0.71257279,0,0,0,0,0,0,0,0,0,0,0,0,0,0.145648843,0,0,0,0,0,0,0,0,0,0,0,0,0,0,0,0,0,0,0,0,0
KOS-03,Walung Point,Buoy-27,Outer,5.28946583,162.9023588,0,0,0,0,0,0,0,0,0,0,0,0,0,0,0,0,0,0,0,0,0,0,0,0,0,0,0,0,0,0,0,0,0,0,0,0,0,0,0,1.547890881,0,0,0.774838027,0,0,0.327308058,0,0,0,0,0,0,0,0,0,0,0,1.436923597,0,0,0,0,0,0,0,0,0,0,0,0,0,0,0,0,0,0,0,0,0,0,0,0,0,0,0,0,0,0,0,0,0,0,0,0,0,0,0,0,0,0,0,0,0,0,0,0,0,0,0,0,0,0,0.403807159,0,0,0,0.319124481,1.479765816,0.249983682,0,0.330525724,0.371919622,0,0,0,0,0,0,0,0,0,0,0,0,0,0,0,0
KOS-03,Walung Point,Buoy-27,Outer,5.28946583,162.9023588,0,0,0,0,0,0,0,0,0,0,0,0,0,0.247579592,0,0,0,0,0,0,0,0,0,0,0,0,0,0,0,0,0,0,0,0,0,0,0,0,0,0.888521364,0,0,0.238915384,0,0,0,0,0,0,0,0.144422232,0,0,0,0,0,0,0,0,0,0,0,0,0,0,0,0,0,0,0,0,0,0,0,0,0,0,0,0,0,0,0,0,0,0,0,0.395765152,0,0.381374068,0,0,0,0,0,0,0,0,0,0,0,0,0,0,0,0,0,0,0,0,0,0,0,0,0,0,0,0,0,0,0,0,0,0,0,0,0,0,0,0,0,0,0,0,0,0,0,0,0
KOS-03,Walung Point,Buoy-27,Outer,5.28946583,162.9023588,0,0,0,0,0,0,0,0,0,0,0,0,0,0,0,0,0,0,0,0,0,0,0,0,0,0,0,0,0.082786986,0,0,0,0,0,0,0,0,0,0,0.45420865,0,0,0.166199746,0,0,0,0,0,0,0,0,0,0,0,0,0,0,0,0,0,0,0,0,0,0,0.050114643,0,0,0,0,0,0,0,0,0,0,0,0,0,0,0,0,0,0,0,0,0,0,0,0,0,0,0,0,0,0,0,0,0,0,0,0,0,0,0,0,0,0,0,0.045923228,0,0,0,0,0,0,0.041621589,0,0,0,0,0,0,0,0,0,0,0,0,0,0,0,0,0,0,0,0,0
KOS-03,Walung Point,Buoy-27,Outer,5.28946583,162.9023588,0,0,0,0,0,0.212609182,0,0,0,0,0,0,0,0,0,0,0,0.700967054,0,0,0,0,0,0,0,0,0,0,0.058181133,0,0,0,0,0,0,0,0,0,0,0.058711235,0,0,0,0,0,0.099750862,0,0,0,0,0,0,0,0,0,0,0,0,0.388461141,0,0,0,0,0,1.692809589,0,0,0,0,0,0.410870276,0,0,0,0,0,0,0,0,0,0,0,0,0,0,0,0,0,0,0,0,0,0,0,0,0,0,0,0,0,1.1823735,0,1.518247869,0,0,0,0,0,0,0,0,0,0,0,0,0,0.08018804,0,0,0,0,0,0,0,0,0,0,0,0,0,0,0,0,0,0,0,0,0
KOS-03,Walung Point,Buoy-27,Outer,5.28946583,162.9023588,0,0,0,0,0,0,0,0,0,0,0,0,0,0,0,0,0,0,0,0,0,0,0,0,0,0,0,0,0,0,0,0,0,0,0,0,0,0,0,1.755020609,0,0,0.990911752,0,0,0,0,0,0,0,0,0,0,0,0,0,0,2.150478657,0,0,0,0,0,0,0,0,0,0.180193263,0,0,0.88689286,0,0,0,0,0,0,0,0,0,0,0,0,0,0,0,0,0,0,0,0,0,0,0,0,0,0,0,0,0,0,0,21.13723018,0,0,0,0,0,0,0,0,0,0.562072327,0,0,0,0.281606486,0.799146003,0,0,0,0.419756485,0,0,0,0,0,0,0,0,0,0,0,0,0,0,0,0
KOS-03,Walung Point,Buoy-27,Outer,5.28946583,162.9023588,0,0,0,0,0,0,0,0,0,0,0,0,0,0,0,0,0,0,0,0,0,0,0,0,0,0,0,0,0,0,0,0,0,0,0,0,0,0,0,0.649288179,0,0,0.238915384,0,0,0.288625279,0,0,0,0,0,0,0,0,0,0,0,0,0,0,0,0,0,0,0,0,0,0,0,0,0,0,0,0,0,0,0,0,0,0,0,0,0,0,0,0,0,0,0,0,0,0,0,0,0,0,0,0,0,0.16194277,0,0,0,0,0,0,0,0,0,0,0,0,0,0,0,0,0,0,0,0,0,0,0,0,0,0,0,0,0,0,0,0,0,0,0,0,0,0
KOS-03,Walung Point,Buoy-27,Outer,5.28946583,162.9023588,0,0,0,0,0,0.105273952,0,0,0,0,0,0,0,0,0,0,0,0,0,0,0,0,0,0,0,0,0,0,0.113262112,0,0,0,0,0.032473863,0,0,0,0,0,0.253598526,0,0,0.479932847,0,0,0.369348565,0,0,0,0.082929069,0,0,0,0,0,0,0,0,0,0,0,0,0,0,0,0.039949532,0,0,0,0,0,0,0,0,0,0,0,0,0,0,0,0,0,0,0,0,0,0,0,0,0,0,0,0,0,0,0,0,0.055854316,0,0,0,0,0,0,0,0,0,0,0,0,0,0,0,0,0,0,0,0,0,0,0,0,0,0,0,0,0,0,0,0,0,0,0,0,0,0,0
KOS-03,Walung Point,Buoy-27,Outer,5.28946583,162.9023588,0,0,0,0,0,0.058891288,0,0,0,0,0,0,0,0,0,0,0,0,0,0,0,0,0,0,0,0,0.294473307,0,0,0,0,0,0,0,0,0,0,0,0,0.665307392,0,0,0.574678876,0,0,0,0,0,0,0,0,0,0,0,0,0,0,0,0,0,0,0,0,0,0,0,0,0,0,0,0,0,0,0,0,0,0,0,0,0,0,0,0,0,0,0,0.25679016,0,0.53710971,0,0,0,0,0,0,0,0,0,0,0,0,0,0,0,0,0,0,0,0,0,0,0,0,0,0,0,0.706344937,0.27190713,0,0,0,0,0,0,0,0,0,0,0,0,0,0,0,0,0,0,0,0
KOS-03,Walung Point,Buoy-27,Outer,5.28946583,162.9023588,0,0,0,0,0,0,0,0,0,0,0,0,0,0,0,0,0,0,0,0,0,0,0,0,0,0,0.199375578,0,0,0,0,0,0.412801207,0,0,0,0,0,0,1.91129086,0,0,0.90709947,0,0,0,0,0,0,0,0,0,0.204420795,0,0,0,0,0,0,0,0,0,0,1.930840502,0,0,0,0,0,0,0,0,0,0,0,0,0,0,0,0,0,0,0,0,0,0,0.512375381,0,0,0,0,0,0,0,0,0,0,0,0.316985021,0,0,0,0,0,0,0,0,0,0,0,0,0,0,0,0,0,1.411640324,0.94685081,0,0,0,0.327766479,0,0,0,0,0,0,0,0,0,0,0,0,0,0,0,0
KOS-03,Walung Point,Buoy-27,Outer,5.28946583,162.9023588,0,0,0,0,0,0.638633598,0,0,0,0,0,0,0,0,0,0,0,0,0,0,0,0,0,0,0,0,0,0,0,0,0,0,0,0,1.729565637,0,0,0,0,0.976073262,0,0,0.224846982,0,0,0,0,0,0,0,0,0,0,0,0,0,0,0,0,0,0,0,0,0,0,0,0,0,0,0,0,0,0,0,0,0,0,0,0,0,0,0,0,0,0,0,0.395765152,0,0,0,0,0,0,0,0,0,0,0,0,0,0,0,0,1.666690441,0,0,0,0,0,0,0,0,0,0,0,0,0,0,0,0,0,0,0,0,0,0,0,0,0,0,0,0,0,0,0,0,0,0
KOS-03,Walung Point,Buoy-27,Outer,5.28946583,162.9023588,0,0,0,0,0,0,0,0,0,0,0,0,0,0,0,0,0,0,0,0,0,0,0,0,0,0,0,0,0,0,0,0,0,0,0,0,0,0,0,0.293905578,0,0,0.135844068,0,6.544798299,0,0,0,0,0,0,0,0,0,0,0,0,0,0,0,0,0,0,0,0,0,0,0,0,0,0,0,0.247523066,0,0,0,0,0,0,0,0,0,0,0,0,0,0,0,0,0,0,0,0,0,0,0,0,0,0.104388897,0,0,0,0,0,0,0,0,0,0,0,0,0,0,0,0,0,0,0,0,0,0,0,0,0,0,0,0,0,0,0,0,0,0,0,0,0,0,0
KOS-03,Walung Point,Buoy-27,Outer,5.28946583,162.9023588,0,0,0,0,0,0,0,0,0,0,0,0,0,0,0,0,0,0,0,0,0,0,0,0,0,0,0.628649474,0,0.069785809,0,0,0,0,0,0,0,0,0,0,0.462871649,0,0,0.327194378,0,0,0,0,0,0,0,0,0,0,0,0,0,0,0.223936732,0,0,0,0,0,0,0,0,0,0,0,0,0.672785527,0,0,0,0,0,0,0,0,0,0,0,0,0,0,0,0,0,0.429222547,0,0,0,0,0,0,0,0,0,0,0,0,0,0,0,0,0,0,0,0,0,0,0,0,0,0,0,0,0,0,0,0,0,0,0,0,0,0,0,0,0,0,0,0,0,0,0,0,0
KOS-03,Walung Point,Buoy-27,Outer,5.28946583,162.9023588,0,0,0,0,0,0,0,0,0,0,0,0,0,0,0,0,0,0,0,0,0,0,0,0,0,0,0.37275666,0,0,0,0,0,0,0,0,0,0,0,3.509455147,0.415554597,0,0,0.682252488,0,0,0,0,0,0,0,0,0,0,0,0,0,0,0,0,0,0,0,0,0,0,4.298566531,0,0,0,0,0.157610936,0,0,0,0,0,0,0,0,0,0,0,0,0,0,0,0,0,0,0,0,0,0,0,0,0,0,0,0.206180069,0,0,0,0,0,0,0,0,0,0,0,0.715748415,0,0,0,0,0,1.466101372,0.149241231,0,0,0,0,0,0,0,0,0,0,0,0,0,0,0,0,0,0,0,0
KOS-03,Walung Point,Buoy-27,Outer,5.28946583,162.9023588,0,0,0,0,0,0,0,0,0,0,0,0,0,0,0,0,0,0,0,0,0,0,0,0,0,0,0.332034987,0,0,0,0,0,0.329094176,0,0,0,0,0,0,1.014394104,0,0,0.224846982,0,0,0,0,0,0,0,0,0,0,0,0,0,0,0,0,0,0,0,0,0,0,0,0,0,0,0,0.327736029,0,0,0,0,0,0,0,0,0,0,0,0,0,0,0,0.321482264,0,0,0,0,0,0,0,0,0,0,0,0,0,0,0,0,0,0,0,0,0,0,0,0,0,0,0,0,0,0,0,0,0,0,0,0,0,0,0,0,0,0.483573878,0,0,0,0,0,0,0,0,0
KOS-03,Walung Point,Buoy-27,Outer,5.28946583,162.9023588,0,0,0,0,0,0,0,0,0,0,0,0,0,0.360401472,0,0,0,0,0,0,0,0,0,0,0.24927129,0,0,0,0,0,0,0,0,0,0,0,0,0,0,0,0,0,0.153212954,0,0,0,0,0,0,0,0,0,0,0,0,0,0,0,0,0,0,0,0,0,0,0,0,0,0,0,0,0,0,0,0,0,0,0,0,0,0,0,0,0,0,0,0,0,0,0,0,0,0,0,0,0,0,0,0,0,0,0,0,0,0,0.030507937,0,0,0,0,0,0,0,0,0,0,0,0,0,0,0,0,0,0,0,0,0,0,0,0,0,0,0,0,0,0,0,0
KOS-03,Walung Point,Buoy-27,Outer,5.28946583,162.9023588,0,0,0,0,0,0.185530656,0,0,0,0,0,0,0,0,0,0,0,0,0,0,0,0,0,0,0,0,0,0,0.031023426,0,0,0,0,0.032473863,0,0,0,0,0,0.037605796,0,0,0.23670996,0,0,0,0,0,0,0,0,0,0,0,0,0,0,0,0,0,0,0,0,0,0,0,0,0,0,0,0,0,0,0,0,0,0,0,0,0,0,0,0,0,0,0,0.321482264,0,0.429222547,0,0,0,0,0,0,0,0,0,0,0,0,0,0,0,0,0,0,0,0,0,0,0,0,0,0,0,0.052659241,0,0,0,0,0,0,0,0,0,0,0,0,0,0,0,0,0,0,0,0,0
KOS-03,Walung Point,Buoy-27,Outer,5.28946583,162.9023588,0,0,0,0,0,0,0,0,0,0,0,0,0,0,0,0,0,0,0,0,0,0,0,0,0,0,0,0,0,0,0,0,0,0,0,0,0,0,0.784233132,0.677008836,0,0,0.5323545,0,0,0,0,0,0,0,0,0,0,0,0,0,0,0,0,0,0,0,0,4.042494438,0,0,0,0,0,0,0.180484043,0,0,0,0,0,0,0,0,0,0,0,0,0,0,0,0.321482264,0,0,0,0,0,0,0,0,0,0,0,0,0,0,0,0,0,0,0,0,0,0,0,0,0,0,0,0,1.158864966,1.512666634,0,0,0.305186127,0,0,0,0,0,0,0,0,0,0,0,0,0,0,0,0,0,0
KOS-03,Walung Point,Buoy-27,Outer,5.28946583,162.9023588,0,0,0,0.716466446,0,0.36671457,0,0,0,0,0,0,0,0.285403382,0,0,0,0,0,0,0,0,0,0,0,0,0,0,0,0,0,0,0,0,0,0,0,0,0,0.150423184,0,0,0.449693964,0,0,0,0,0,0,0,0,0,0.536686351,0,0,0,0,0,0,0,0,0,0,0,0,0,0,0,0,0,0,0,0,0,0,0,0.443981113,0,0,0,0,0,0,0,0,0,0,0,0,0,0,0,0,0,0,0,0,0,0,0,0,0,0,0,0,0,0,0,0,0,0,0,0,0,0,0,0,0,0,0,0,0,0,0,0,0,0,0,0,0,0,0,0,0,0,0,0,0
KOS-03,Walung Point,Buoy-27,Outer,5.28946583,162.9023588,0,0,0,0,0,0,0,0,0,0.109407713,0,0,0,0.19033463,0,0,0,0,0,0,0,0,0,0,0,0,0,0,0,0,0,0,0,0,0,0,0,0,0,0.462871649,0,0,0.31843019,0,0,0,0,0,0,0,0,0,0,0,0,0,0,0,0,0,0,0,0,0,0,0,0,0,0,0,0,0,0,0,0,0,0,0,0,0,0,0,0.893811203,0,0,0,0.397814061,0,0,0,0,0,0,0,0,0,0,0,0,0,0,0,0,0,0,0,0,0,0,0,0,0,0,0,0,0,0.69823175,0,0,0,0,0,0,0,0,0,0,0,0,0,0,0,0,0,0,0,0,0
KOS-03,Walung Point,Buoy-27,Outer,5.28946583,162.9023588,0,0,0,0,0,0,0,0,0,0,0,0,0,0,0,0,0,0,0,0,0,0,0,0,0,0,0,0,0,0,0,0,0,0,0,0,0,0,0,0.411820881,0,0,0.419232566,0,0,0,0,0,0,0,0,0,0,0,0,0,0,0,0,0,0,0,0,0,0,0,0,0.066245102,0,0,0,0,0,0,0,0,0,0,0,0,0,0,0,0,0,0,0.109262481,0,0,0,0,0,0,0,0,0,0,0,0,0,0,0,0,0,0,0,0,0,0,0,0,0,0,0,0,0,0.551603263,0.196984759,0,0,0,0,0,0,0,0,0,0,0,0,0,0,0,0,0,0,0,0
KOS-03,Walung Point,Buoy-27,Outer,5.28946583,162.9023588,0,0,0,0,0,0,0,0,0,0,0,0,0,0,0,0,0,0,0,0,0,0,0,0,0,0,0,0,0,0,0,0,0,0,0,0,0,0,0,2.930125022,0,0,0.353167962,0,0,0,0,0,0,0,0,0,0,0,0,0,0,0,0,0,0,0,0,0,0,0,0,0,0,0,0,0,0,0,0,0,0,0,0,0,0,0,0,0,0,0,1.016872372,0,0,0,0,0,0,0,0,0,0,0,0,0,0,0,0,0,0,0,0,0,0,0,0.281267976,0,0,0,0,0.601637835,0.821117501,0.825045463,0.284113102,2.276279686,0,0,0,0.398407169,0,0,0,0,0,0,0,0,0,0,0,0,0,0
KOS-03,Walung Point,Buoy-27,Outer,5.28946583,162.9023588,0,0,0,0,0,0,0,0,0,0,0,0,0,0,0,0,0,0,0,0,0,0,0,0,0,0,0,0,0,0,0,0,0,0,0,0,0,0,0,0.506508914,0,0,0.224846982,0,0,0,0,0,0,0,0,0,0,0,0,0,0,0,0,0,0,0,0,0,0,0,0,0,0,0,0.205435138,0,0,0,0,0,0.854050275,0.129594976,0,0,0,0,0,0,0,0,0,0,0,0,0,0,0,0,0,0,0,0,0,0,0,0,0,0,0,0,0,0,0,0.164081843,0,0,0,0,0,0,0,0.399582815,0,0,0,0,0,0,0,0,0,0,0,0,0,0,0,0,0,0,0,0
KOS-03,Walung Point,Buoy-27,Outer,5.28946583,162.9023588,0,0,0,0,0,0,0,0,0,0,0,0,0,0,0,0,0,0,0,0,0,0,0,0,0,0,0,0,0,0,0,0,0,0,0,0,0,0,0,0.361516524,0,0,0.140226162,0,0,0.369348565,0,0,0,0,0,0,0,0,0,0,0,0,0,0,0,0,0,0,0,0,0,0,0,0,0,0,0,0,0,0,0,0,0,0,0,0,0,0,0,0,0,0,0,0,0,0,0,0,0,0,0,0,0,0,0,0,0,0,0,0,0,0,0,0,0,0,0,0,0,0,0.396715033,0,0,0,0,0,0,0,0,0,0,0,0,0,0,0,0,0,0,0,0,0
KOS-03,Walung Point,Buoy-27,Outer,5.28946583,162.9023588,0,0,0,0,0,0.046382664,0,0,0,0.131095313,0,0,0,0,0,0,0,0,0,0,0,0,0,0,0,0,0,0,0,0,0,0,0,0,0,0,0,0,0,0.276585514,0,0,0.526781207,0,0,0,0,0,0,0,0,0,0,0,0,0,0,0,0,0,0,0,0,0,0,0,0,0,0,0,0,0,0,0,0,0,0,0,0,0,0,0,0,0,0,0,0.277887454,0,0,0,0,0,0,0,0,0,0,0,0,0,0,0,0,0,0,0,0,0,0,0,0,0,0,0,0,0,0.214041744,0,0,0,0,0,0,0,0,0,0,0,0,0,0,0,0,0,0,0,0,0
KOS-03,Walung Point,Buoy-27,Outer,5.28946583,162.9023588,0,0,0,0,0,0,0,0,0,0,0,0,0,0,0,0,0,0,0,0,0,0,0,0,0,0,0,0,0,0,0,0,0,0,0,0,0,0,0,2.204508228,0,0,0.607303494,0,0,0,0,0,0,0,0,0,0,0,0,0,0,0,0,0,0,0,0,0,0,0,0,0,0.298290512,0,0,0,0,0,0,0,1.098300928,0,0,0,0,0,0,0,0,0,0.711660032,0,0,0,0,0,0,0,0,0,0,0,0,0,0,0,0,0,0,0,0,0,0,0,0,0,0,0,0,0.217478987,0,0.926451172,0,0.579551884,0,0.650619593,0,0.317341246,0,0,0,0,0,0,0,0.156636427,0,0,0,0,0,0
KOS-03,Walung Point,Buoy-27,Outer,5.28946583,162.9023588,0,0,0,0,0,0,0,0,0,0,0,0,0,0,0,0,0,0,0,0,0,0,0,0,0,0,0,0,0,0,0,0,0,0,0,0,0,0,0,0.300962235,0,0,0.449693964,0,0,0,0,0,0,0,0,0,0,0,0,0,0,0,0,0,0,0,0,0,0,0,0,0,0,0,0,0,0,0,0,0,0.189446897,0.34831877,0,0,0,0,0,0,0,0,0.510045202,0,0,0,0,0,0,0,0,0,0,0,0,0,0,0,0,0,0,0,0,0,0,0,0,0,0,0,0,0,0.614824354,0,0,0,0,0,0,0,0,0,0,0,0.30112721,0,0,0,0,0,0,0,0,0
KOS-03,Walung Point,Buoy-27,Outer,5.28946583,162.9023588,0,0,0,0,0,0,0,0,0,0,0,0,0,0,0,0,0,0,0,0,0,0,0,0,0,0,0,0,0,0,0,0,0,0,0,0,0,0,0,0.524139589,0,0,0.046742054,0,0,0,0,0,0,0,0,0,0,0,0,0,0,0,0,0,0,0,0,0,0,0,0,0,0,0,0,0,0,0,0,0,0,0,0,0,0,0,0,0,0,0,0.287052565,0,0,0,0,0,0,0,0,0,0,0,0,0,0,0,0,0,0,0,0,0,0,0,0,0,0,0,0,0,0.50587808,0,0,0,0,0,0,0,0,0,0,0,0,0,0,0,0,0,0,0,0,0
KOS-03,Walung Point,Buoy-27,Outer,5.28946583,162.9023588,0,0,0,0,0,0.058891288,0,0,0,0,0,0,0,0,0,0,0,0,0,0,0,0,0,0,0,0,0,0,0,0,0,0,0,0.064266061,0,0,0,0,0,0.058711235,0,0,0.533500836,0,0,0.253155282,0,0,0,0,0,0,0,0,0,0,0,0,0.10796448,0,0,0,0,0,0,0,0,0,0,0,0,0,0,0.187931108,0,0,0,0,0,0,0,0,0,0,0,0,0.12839508,0,0,0,0,0,0,0,0,0,0,0,0,0,0,0,0,0,0,0,0,0,0,0,0,0,0,0,0,0,0.132847281,0,0,0,0,0,0,0,0,0,0,0,0,0.48468097,0,0,0,0,0,0,0,0
KOS-03,Walung Point,Buoy-27,Outer,5.28946583,162.9023588,0,0,0,0,0,0,0,0,0,0,0,0,0,0,0,0,0,0,0,0,0.262237476,0,0,0,0,0,0,0,0,0,0,0,0,0,0,0,0,0,0,1.63996092,0,0,0.757201482,0,0,0,0,0,0,0,0.525646294,0,0.32616758,0,0,0,0,0,0,0,0,0,0,0,0,0,0.250197354,0,0,0,0.157610936,0,0,0,0,0,3.226445806,0,1.151677229,0,0,0,0,0,0,0,0,0,0,0,0,0,0,0,0,0,0,0,0,0,0,0,0,0,0,0,0,0,0,0,0,0,0,0,0,0,0,0,0,0.703763549,0,0.52701877,0,0,0,0,0,0,0,0,0,0,0,0,0,0,0,0
KOS-03,Walung Point,Buoy-27,Outer,5.28946583,162.9023588,0,0,0,0,0,0,0,0,0,0.322992298,0,0,0,0,0,0,0,0,0,0,0,0,0,0,1.421545543,0,0,0,0,0,0,0,0,0,0,0,0,0,0,0.669387788,0,0,0.524642958,0,0,0,0,0,0,0,0,0,0,0,0,0,0,0,0,0,0,0,0,0,0,0,0,0,0,0,0,0,0,0,0,0,0,0.399799426,0,0,0,0,0,0,0,0,0.765067803,0,0,0,0,0,0,0,0,0,0,0,0,0,0,0,0,0,0,0,0,0,0,0,0,0,0,0,0,0,0,0,0,0,0,0,0,0,0,0,0,0,0,0,0,0,0,0,0,0,0,0
KOS-03,Walung Point,Buoy-27,Outer,5.28946583,162.9023588,0,0,0,0,0,0,0,0,0,0,0,0,0,0.142701691,0,0,0,0,0,0,0,0,0,0,0,0,0,0,0.09725567,0,0,0,0,0,0,0,0,0,0,0.143765774,0,0,0.046742054,0,0,0,0,0,0,0,0,0,0,0,0.026812927,0,0,0,0,0,0,0,0,0,0,0,0,0.155855299,0,0,0,0,0,0,0,0,0,0,0,0,0,0,0,0,0,0,0,0,0,0,0,0,0,0,0,0,0,0,0,0,0,0,0,0,0,0,0,0,0,0,0,0,0,0,0,0,0,0,0,0,0,0,0,0,0,0,0,0,0,0,0,0,0,0,0,0,0,0
KOS-03,Walung Point,Buoy-27,Outer,5.28946583,162.9023588,0,0,0,0,0,0,0,0,0,0,0,0,0,0,0,0,0,0,0,0,0,0,0,0,0,0,0,0,0,0,0,0,0,0.285273221,0,0,0,0,0,0.458136491,0,0,0.533506246,0,0,0.067832949,0,0,0,0,0,0,0,0,0,0,0,0,0,0,0,0,0,0,0,0,0,0,0,0,0.273458808,0,0,0,0,0,0,0,0,0,0,0,0,0,0,0,0.184034638,0,0,0,0,0,0,0,0.265201593,0,0,0,0,0,0,0,0,0,0,0,0,0,0,0,0,0,0,0,0,0,0.254394079,0,0,0,0,0,0,0,0,0,0,0,0,0,0,0,0,0,0,0,0,0
KOS-03,Walung Point,Buoy-27,Outer,5.28946583,162.9023588,0,0,0,0,0,0.66176239,0,0,0,0,0,0,0,0,0,0,0,0,0,0,0,0,0,0,0,0,0.127818033,0,0,0,0,0,0,0,0,0,0,0,0,1.674325187,0,0,1.81419894,0,0,0,0,0,0,0,0,0,0,0,0,0.562980711,0,0,0,0,0,0,0,0,0,0,0.219674144,0,0,0,1.194366224,0,0,0,0,0,0.329932342,0,0,0,0,0,0,0,0,0,0,0,0,0,0,0,0,0,0.344286687,0,0,0,0,0,0,0,0,0,0,0,0,0,0,0,0,0,0,0,0,0.783000278,0,0.95562086,0,0,0.664128758,0,0,0,0,0,0,0,0,0,0,0,0,0,0,0,0,0
KOS-03,Walung Point,Buoy-27,Outer,5.28946583,162.9023588,0,0,0,0,0,0,0,0,0,0,0,0,0,0,0,0,0,0,0,0,0,0,0,0,0,0,0,0,0.548254114,0,0,0,0,0,0,0,0,0,0,0.365918635,0,0,0.299795976,0,0,0,0,0,0,0,0,0,0,0,0,0,0,0,0,0,0,0,0,0,0,0,0,0,0,0,0,0,0,0,0,0,0,0,0,0,0,0,0.218575882,0,0,0,0,0,0,0,0,0,0,0,0,0,0,0,0,0,0,0,0,0,0,0,0,0,0,0.217478987,0,0,0,0,0,0,0,0,0,0.605990992,0,0,0,0,0,0,0,0,0,0,0,0,0,0,0,0,0,0
KOS-03,Walung Point,Buoy-27,Outer,5.28946583,162.9023588,0,0,0,0,0,0.058891288,0,0,0,0,0,0,0,0.422787547,0,0,0,0,0,0,0,0,0,0,0,0,0,0,0.310918513,0,0,0,0,0.07829275,0,0,0,0,0,0.595299771,0,0,0.185171078,0,0,0,0,0,0,0,0,0,0,0,0,0,0,0,0,0,0,0,0,0,0,0,0,0,0,0,0,0,0,0,0,0,0,0,0,0,0,0,0,0,0,0,0,0,0,0,0,0,0,0,0,0,0,0,0,0,0,0,0,0,0,0,0,0,0,0,0,0,0.403807159,0,0,0,0.359798974,0,0,0,0,0,0,0,0,0,0,0,0,0,0,0,0,0,0,0,0,0
KOS-03,Walung Point,Buoy-27,Outer,5.28946583,162.9023588,0,0,0,0,0,0,0,0,0,0,0,0,0,0.217699781,0,0,0,0,0,0,0,0,0,0,0,0,0,0,0,0,0,0,0,0,0,0,0,0,0,0.533582638,0,0,0.473574143,0,0,0,0,0,0,0,0,0,0,0,0,0,0,0,0.750518187,0,0,0,0,0,0,0,0,0,0,0,0,0,0,0,0,0,1.163039203,0,0,0,0,0,0,0,0,0,0.149492374,0,0,0,0,0,0,0,0,0,0,0,0,0,0,0.478673331,0,0,0,0,0,0,0,0.164081843,0,0,0,0,0,0,0.115838065,0,0,0,0,0,0,0.164081843,0,0,0,0,0,0,0,0,0,0,0,0,0,0
KOS-03,Walung Point,Buoy-27,Outer,5.28946583,162.9023588,0,0,0,0,0,0,0,0,0,0,0,0,0,0,0,0,0,0,0,0,0,0,0,0,0,0,0,0,0,0,0,0,0,0,0,0,0,0,0,1.035466892,0,0,1.58048867,0,0,0,0,0,0,0,0,0,0,0,0,0,0,3.105196646,0,0,0,0,0,2.179186829,3.310150253,0,0,0,0,0,0,0,0,0,0,0,0,0,0,0,0,0,0,0,0,0,1.020247992,0,0,0,0,0,0,0,0,0,0,0,0.276378141,0,0,0,0,0,0,0,0,0,0,0,0,0,0,0,0,0,0.763552247,0.27190713,0,0,0,0,0,0,0,0,0,0,0,0,0,0,0,0,0,0,0,0
KOS-03,Walung Point,Buoy-27,Outer,5.28946583,162.9023588,0,0,0,0,0,0,0,0,0,0,0,0,0,0.435399562,0,0,0,0,0,0,0,0,0,0,0,0,0,0,0,0,0,0,0,0,0,0,0,0,0.36921211,0,0,0,0.449693964,0,0,0,0,0.436474466,0,0,2.614464015,0,0,0,0,0,0,0,0,0,0,0,0,0,0,0,0,0,0,0,0,0,0,0,0,0,2.509887915,0,0,0,0,0,0,0,0,0,0.57410513,0,0,0,0,0,0,0,0,0,0,0,0,0,0,0,0,0,0,0,0,0,0,0,0,0,0,0,0,0,0,0,0,0.305186127,0,0,0,0,0,0,0,0,0,0,0,0,0,0,0,0,0,0
KOS-03,Walung Point,Buoy-27,Outer,5.28946583,162.9023588,0,0,0,0,0,0,0,0,0,0,0,0,0,0,0,0,0,0,0,0,0,0,0,0,0,0,0,0,0,0,0,0,0,0.052038429,0,0,0,0,0,0.16038264,0,0,0.302212373,0,0,0,0,0,0,0,0,0,0,0,0,0,0,0,0,0,0,0,0,0,0,0,0,0.133804764,0,0,0,0,0,0,0,0,0,0,0,0,0,0,0.305898893,0,0,0,0,0,0,0,0,0,0,0,0,0,0,0,0,0,0,0,0,0,0,0.368140663,0,0,0,0.24801808,0,0,0,0,0,0,0.401420563,0,0,0,0,0,0,0,0,0,0,0,0,0,0,0,0,0,0,0,0,0
KOS-03,Walung Point,Buoy-27,Outer,5.28946583,162.9023588,0,0.393285939,0,0,0,0.092765328,0,0,0,0,0,0,0,0,0,0,0,0,0,0,0,0,0,0,0,0,0,0,0.130875857,0,0,0,0,0,0,0,0,0,0,0.744470286,0,0,0.280452324,0,0,0,0,0,0,0,0,0,0,0,0,0,0,0,0.724114092,0,0,0,0,0,0,0,0,0,0,0,0.618295398,0,0,0,0,0,1.85455786,0,0,0,0,0,0,0,0,0,0,0,0,0,0,0,0,0,0,0,0,0,0,0,0,0,0.71257279,0,0,0,0,0,0,0,0,0,0,0,0,0,0.733306172,0,0,0,0,0,0,0,0,0,0,0,0,0,0,0,0,0,0,0,0,0
KOS-03,Walung Point,Buoy-27,Outer,5.28946583,162.9023588,0,0,0,0,0,0,0,0,0,0,0,0,0,0,0,0,0,0,0,0,0.671246906,0,0,0,0,0,0,0,0,0.283264801,0,0,0,0.270635465,0,0,0,0,0,1.203029139,0,0,0.757201482,0,0,0,0,0,0,0,0,0,0,0,0,0,0,0.524163467,0,0,0,0,0,0,0,0,0,0,0,0,0,0,0,0,0,0,0,0,0,0,0,0,0,0,0,0,0,0,0,0,0,0,0,0,0,0,0,0,0,0,0,0,0,0,0,0,0,0,0.241108529,0,0,0,0.636543644,0,0,0,0.821117501,0,0,0.390322425,0,0,0,0.565359326,0,0,0,0,0,0,0,0,0,0,0,0,0,0
KOS-03,Walung Point,Buoy-27,Outer,5.28946583,162.9023588,0,0,0,0,0,0,0,0,0,0,0,0,0,0,0,0,0,0,0,0,0,0,0,0,0,0,0,0,0,0,0,0,0,0,0,0,0,0,0,0.612744035,0,0,0.358373076,0,0,0,0,0,0,0,0,0,0,0,0,0,0,0,0,0,0,0,0,0,0,0,0,0,0,0,0,0,0,0,0,0,0,0,0,0,0,0,0,0,0,0,0,0,0,0,0,0,0,0,0,0,0,0,0,0,0,0,0,0,0,0,0,0,0,0.217478987,0,0,0,0,0,0,0,0.399582815,0,0,0,0,0,0,0,0,0,0,0,0,0,0,0,0,0,0,0,0
KOS-04,Walung Point,Buoy-29,Outer,5.296150047,162.8979891,0,0,0,0,0,0.478775132,0,0,0,0,0,0,0,0,0,0,0,0,0,0,0,0,0,0,0,0,0,0,0,0,0,0,0,0,0,0,0,0,0,0,0,0,0.415034723,0,0,0,0,0,0,0,0,0,0,0,0,0,0,0,0,0,0,0,0,0,0,0,0,0,0,0,0,0,0,0,0,0,0,0,0,0,0,0,0,0,0,0,0,0,0,0,0,0,0,0,0,0,0,0,0,0,0,0,0,0,0,0.444232368,0,0,0.090264098,0.317341246,0,0,0.278083007,0,0,0,0.065472092,0,0,0,0,0.249968413,0,0,0,0,0,0,0,0,0,0,0,0,0,0,0,0
KOS-04,Walung Point,Buoy-29,Outer,5.296150047,162.8979891,0,0,0,0,0,0,0,0,0,0,0,0,0,0,0,0,0,0,0,0,0,0,0,0,0,0,0,0,0.113262112,0,0,0,0,0.052038429,0,0,0,0,0.043090272,0.022356538,0,0,0.233435582,0,0,0.253155282,0,0,0,0,0,0,0,0,0,0,0,0,0,0,0,0,0,0,0,0,0,0,0,0,0,0,0,0,0,0,0,0,0,0,0,0,0,0,0,0,0,0,0,0,0,0,0,0,0,0,0,0,0.013458401,0,0,0,0,0,0,0,0,0,0,0,0,0,0,0,0,0,0,0.009870479,0,0,0,0,0,0,0,0,0,0,0,0,0,0,0,0,0,0,0,0
KOS-04,Walung Point,Buoy-29,Outer,5.296150047,162.8979891,0,0,0,0,0,0.053850288,0,0,0,0,0,0,0,0,0,0,0,0,0,0,0.010539559,0,0,0,0,0,0,0,0.09725567,0,0,0,0,0,0,0,0,0,0,0.106074944,0,0,0.194406686,0,0,0,0,0,0,0,0,0,0,0,0,0,0,0,0,0,0,0,0,0,0,0,0,0,0,0,0,0,0,0,0,0,0,0,0,0,0,0,0.190891977,0,0,0,0,0,0,0,0,0,0,0,0,0,0,0,0.069753865,0,0,0,0,0,0,0,0,0,0,0,0,0,0,0,0,0,0,0,0,0,0,0.52701877,0,0,0,0,0,0,0,0,0,0,0,0,0,0,0,0
KOS-04,Walung Point,Buoy-29,Outer,5.296150047,162.8979891,0,0,0,0,0,0.14692238,0,0,0,0,0,0,0,0,0,0,0,0,0,0,0,0,0,0,0,0,0,0,0.139571618,0,0,0,0,0.052038429,0,0,0,0,0,0.167346947,0,0,0.272670646,0,0,0.054843354,0,0,0,0,0,0,0,0,0,0,0,0,0,0,0,0,0,0,0,0,0,0.289660063,0,0,0,0,0,0,0,0,0,0,0,0,0,0,0,0,0,0,0,0,0,0,0,0,0.344286687,0,0,0,0,0,0.376471692,0.06539203,0,0,0,0,0,0.200730042,0,0,0,0,0,0,0,0,0,0,0.331383236,0,0,0,0,0,0,0,0,0,0,0,0,0,0,0,0,0,0,0,0,0
KOS-04,Walung Point,Buoy-29,Outer,5.296150047,162.8979891,0,0,0,0,0,0.058891288,0,0,0,0,0,0,0,0,0,0,0,0,0,0,0,0,0,0,0,0,0,0,0,0,0,0,0,0.132442017,0,0,0,0,0,0.464336067,0,0,0.214276587,0,0,0.493427837,0,0,0,0,0,0,0,0,0,0,0,0,0,0,0,0,0,0,0,0,0,0,0,0,0,0,0,0,0,0,0,0,0,0,0,0,0,0,0,0,0,0,1.134618682,0,0,0,0,0,0,0,0,0,0.08587145,0.10648,0,0,0,0,0,0,0,0,0,0,0,0,0,0,0,0,0.096934425,0,0,0,0,0,0,0,0,0,0,0,0,0,0,0,0,0,0,0,0,0
KOS-04,Walung Point,Buoy-29,Outer,5.296150047,162.8979891,0,0,0,0,0,0.126027486,0,0,0,0,0,0,0,0,0,0,0,0,0,0,0,0,0,0,0,0,0,0,0.09725567,0,0,0,0.291898756,0,0,0,0,0,0,0.022356538,0,0,0.224846982,0,0,0.191276307,0,0,0,0,0,0,0,0,0,0,0,0,0,0,0,0,0,0,0,0,0,0,0,0,0,0,0,0,0,0,0,0,0,0,0,0,0,0,0,0,0,0,0,0,0,0,0,0,0,0,0,0,0,0,0,0,0,0,0,0,0,0,0,0.036247297,0,0,0,0,0,0,0.041621589,0,0,0,0,0.034838292,0,0,0,0,0,0,0,0,0,0,0,0,0,0,0,0
KOS-04,Walung Point,Buoy-29,Outer,5.296150047,162.8979891,0,0,0,0,0,0,0,0,0,0,0,0,0,0,0,0,0,0,0,0,0,0,0,0,0,0,0,0,0.09725567,0,0,0,0,0,0,0,0,0,0,0.389477288,0,0,0.079093977,0,0,0.034108369,0,0,0,0,0,0,0,0,0,0,0,0,0,0,0,0,0,0,0,0,0,0,0,0,0,0,0,0,0,0,0.317832024,0,0.556503634,0,0,0,0.53256436,0,0,0,0,0,0,0,0,0,0,0,0,0,0,0,0.239508972,0,0,0,0,0,0,0,0,0,0,0,0.217478987,0,0,0,0,0,0.215545171,0.125939004,0,0,0,0,0,0,0,0,0,0,0,0,0,0,0,0,0,0,0,0
KOS-04,Walung Point,Buoy-29,Outer,5.296150047,162.8979891,0,0,0,0,0,0,0,0,0,0.131095313,0,0,0,0,0,0,0,0,0,0,0,0,0,0,0,0,0,0,0,0,0,0,0.459562704,0,0,0,0,0,0,0.103564864,0,0,0.094314125,0,0,0,0,0,0,0,0,0,0,0,0,0,0,0,0,0,0,0,0,0,0,0,0,0,0,0,0,0,0,0,0,0,0,0,0,0,0,0,0.521443873,0,0,0,0,0,1.464263464,0,0,0,0,0,0,0,0,0,0.125490564,0,0,0,0,0,0,0,0,0,0,0,0,0,0,0,0,0,0,0,0,0,0,0,0,0,0,0,0,0,0,0,0,0,0,0,0,0,0,0
KOS-04,Walung Point,Buoy-29,Outer,5.296150047,162.8979891,0,0,0,0,0,0.013838068,0,0,0,0,0,0,0,0,0,0,0,0,0,0,0,0,0,0,0,0,0,0,0,0,0,0,0,0,0,0,0,0,0,0.542927479,0,0,0.196640042,0,0,0.469735571,0,0,0,0,0,0,0,0,0,0,0,0,0,0,0,0,0,0,0,0,0,0,0,0,0,0.988454824,0,0,0,0,0,0,0,0,0,0,0,0,0,0,0.149492374,0,0,0,0,0,0,0,0,0.302990623,0,0,0,0,0,0,0,0,0,0,0,0,0,0,0,0,0,0,0,0,0.041621589,0,0,0,0,0,0,0,0,0,0,0,0,0,0,0,0,0,0,0,0,0
KOS-04,Walung Point,Buoy-29,Outer,5.296150047,162.8979891,0,0,0,0,0,0.035779347,0,0,0,0,0,0,0,0,0,0,0,0,0,0,0,0,0,0,0,0,0,0,0,0,0,0,0,0,0,0,0,0,0,0.15755905,0,0,0.328953249,0,0,0.592570046,0,0,0,0,0,0,0,0,0,0,0,0,0,0,0,0,0,0,0,0,0,0.229924697,0,0,0,0,0,0,0,0,0,0,0,0,0,0,0,0,0,0,0,0,0,0,0,0,0,0,0,0,0,0,0.069680092,0.06539203,0,0,0,0,0,0,0,0,0,0,0,0,0,0,0,0,0.065472092,0,0,0,0,0,0,0,0,0,0,0,0,0,0,0,0,0,0,0,0,0
KOS-04,Walung Point,Buoy-29,Outer,5.296150047,162.8979891,0,0,0,0,0,0,0,0,0,0.090248139,0,0,0,0,0,0,0,0,0,0,0,0,0,0,0,0,0,0,0.196049098,0,0,0,0,0,0,0,0,0,0,0,0,0,0.119457692,0,0,0.420255332,0,0,0,0,0,0,0,0,0,0,0,0,0,0,0,0,0,0,0,0,0,0.302643919,0,0,0,0,0,0,0,0,0,0,0,0,0,0,0,0,0,0,0.050808114,0,0,0,0,0,0,0,0,0,0,0,0,0.09129329,0,0,0,0,0,0,0,0,0,0,0,0,0,0,0,0,0.22609408,0,0,0,0,0,0,0,0,0,0,0,0,0,0,0,0,0,0,0,0,0
KOS-04,Walung Point,Buoy-29,Outer,5.296150047,162.8979891,0,0,0,0,0,0,0,0,0,0.058891288,0,0,0,0,0,0,0,0,0,0,0,0,0,0,0,0,0,0,0,0,0,0,0,0,0,0,0,0,0,0.280107793,0,0,0.082548517,0,0,0.082755563,0,0,0,0,0,0,0,0,0,0,0,0,0,0,0,0,0,0,0,0,0,0,0,0,0,0,0,0,0,0,0,0,0,0,0,0,0,0,0,0,0.322122472,0,0,0,0,0,0,0,0,0,0,0,0,0,0,0,0,0,0,0,0,0,0,0,0,0,0,0,0,0,0.08018804,0.220286986,0,0,0,0,0,0,0,0,0,0,0,0,0,0,0,0,0,0,0,0
KOS-05,West,Buoy-35,Outer,5.320633362,162.9251359,0,0,0,0,0,0.046382664,0,0,0,0,0,0,0,1.120343424,0,0,0,0,0,0,0,0,0,0,0,0,0,0,0.218772278,0,0,0,0,0,0,0,0,0,0,0.293905578,0,0,0.074948994,0,0,0,0,0,0,0,0,0,0,0,0.231570844,0,0,0,0,0,0,0,0,0,0,0.108102956,0,0,0,0,0,0,0,0,0,0,0,0,0,0,0,0,0,0,0,0,0,0,0,0,0,0,0,0,0,0,0,0,0,0.63905303,0,0,0,0,0,0,0,0,0,0,0,0,0,0,0,0,0,0,0,0,0,0,0,0,0,0,0,0,0,0,0,0,0,0,0,0,0,0
KOS-05,West,Buoy-35,Outer,5.320633362,162.9251359,0,0,0,0,0,0.128544675,0,0,0,0,0,0,0,0,0,0,0,0,0,0,0,0,0,0,0,0,0.2282799,0,0.171200143,0,0,0,0.226201469,0,0,0,0,0,0,0.350680202,0,0,0.239682676,0,0,0.150588512,0,0,0,0,0,0,0,0,0,0,0,0,0,0,0,0,0,0,0,0,0,0,0,0,0,0,0,0,0,0,0,0,0,0,0,0,0,0,0,0,3.159625761,0,0,0,0,0,0,0,0,0,0,0,0,0,0,0,0,0,0,0.109448789,0,0,0,0,0,0,0,0,0,0,0,0,0,0,0,0,0,0,0,0,0,0,0,0,0,0,0,0,0,0,0,0
KOS-05,West,Buoy-35,Outer,5.320633362,162.9251359,0,0,0,0,0,0.112635044,0,0,0,0,0,0,0,0,0,0,0,0,0,0,0,0,0,0,0,0,0,0,0,0,0,0,0,0.190545532,0,0,0,0,0,0.222130341,0,0,0.140226162,0,0,0,0,0,0,0,0,0,0,0,0,0.243885566,0,0,0,0,0,0,0,0,0,0,0,0,0,0,0,0,0,0,0,0,0,0,0,0,0,0,0,0,0,0,0,0,0,0,0,0,0,0,0,0,0,0,0,0,0,0,0,0,0,0,0,0,0,0,0,0,0,0,0,0,0,0,0,0,0,0,0,0,0,0,0,0,0,0,0,0,0,0,0,0,0,0
KOS-05,West,Buoy-35,Outer,5.320633362,162.9251359,0,0,0,0,0,0,0,0,0,0,0,0,0,0.122210875,0,0,0,0,0,0,0,0,0,0,0,0,0,0,0,0,0,0,0.147530368,0.522262309,0,0,0,0,0,0.22270381,0,0,0.181419894,0,0,0,0,0,0,0,0,0,0,0,0,0,0,0,0,0,0,0,0,0,0,0,0,0,0,0,0,0,0,0,0,0,0,0,0,0,0,0,0,0,0,0,0.225322816,0,0,0,0,0,0,0,0.123132003,0,0,0,0.17619596,0,0,0,0,0,0,0,0,0,0,0,0,0,0,0,0,0.10148991,0,0,0.156912093,0,0,0.249968413,0,0.458338775,0,0,0,0,0,0,0,0,0,0,0,0,0,0
KOS-05,West,Buoy-35,Outer,5.320633362,162.9251359,0,0,0,0,0,0.105273952,0,0,0,0,0,0,0,0.087323898,0,0,0,0,0,0,0,0,0,0,0,0,0,0,0,0,0,0,0.106894416,0.220851561,0,0,0,0,0,0.293905578,0,0,0.285657438,0,0,0,0,0,0,0,0,0,0,0,0,0,0,0,0.282346151,0,0,0,0,0,0,0.149214056,0,0,0,0,0,0,0,0,0,0,0,0,0,0,0,0,0,0,0,0,0.172630098,0,0,0,0,0,0,0,0,0,0,0,0,0,0,0,0,0,0,0,0,0,0,0,0,0,0,0,0,0,0.371783722,0,0,0,0,0,0,0,0,0,0,0,0,0,0,0,0,0,0,0,0,0
KOS-05,West,Buoy-35,Outer,5.320633362,162.9251359,0,0,0,0,0,0.058891288,0,0,0,0,0,0,0,0,0,0,0,0,0,0,0,0,0,0,0,0,0,0,0,0,0,0,0,0,0,0,0,0,0,0.43852187,0,0,0.227263379,0,0,0,0,0,0,0,0,0,0,0,0,0,0,0.624021237,0.368083176,0,0,0,0,0,0,0,0,0,0,0,0,0,0,0,0,0,0.71905809,0,0,0,0,0,0,0,0,0,0.595696637,0,0,0,0,0.03010287,0,0,0.123132003,0,0,0,0,0.2097656,0,0,0,0,0,0,0,0,0,0,0,0,0,0,0,0,0.628982073,0,0,0,0,0,0,0,0,0,0,0,0,0,0,0,0,0,0,0,0,0
KOS-05,West,Buoy-35,Outer,5.320633362,162.9251359,0,0,0,0,0,0.159277622,0,0,0,0.090248139,0,0,0,0.165372457,0,0,0,0,0,0,0,0,0,0,0,0,0,0,0.113262112,0,0,0,0,0,0,0,0,0,0,0.329623046,0,0,0.23636771,0,0,0,0,0,0,0,0,0,0,0,0,0,0,0,0,0,0,0,0,0,0,0,0,0,0,0,0,0,0,0,0,0,0,0,0,0,0,0,0,0,0,0,0,0,0,0,0,0,0,0,0,0,0,0,0.018896368,0.12326391,0,0,0,0,0,0,0,0,0,0,0,0,0,0,0,0,0,0,0.184672403,0,0,0.132547019,0,0,0,0,0,0,0,0,0,0,0,0,0,0,0,0
KOS-05,West,Buoy-35,Outer,5.320633362,162.9251359,0,0,0,0,0,0.058891288,0,0,0,0,0,0,0,0,0,0,0,0,0,0,0,0,0,0,0,0,0,0,0.194046606,0,0,0,0,0,0,0,0,0,0,0.42439205,0,0,0.269055844,0.036078161,0,0,0,0,0,0,0,0,0,0,0,0,0,0,0,0,0,0,0,0,0,0.061890236,0,0,0,0,0,0,0,0,0,0,0,0,0,0,0,0,0,0,0,0,0,0,0,0,0,0,0,0,0,0,0,0,0.067990952,0,0,0,0,0,0,0,0,0,0,0,0,0,0,0,0,0,0.434962546,0,0,0,0,0,0,0,0,0,0,0,0,0,0,0,0,0,0,0,0,0
KOS-05,West,Buoy-35,Outer,5.320633362,162.9251359,0,0,0,0,0,0.166073136,0,0,0,0,0,0,0,0.072705465,0,0,0,0,0,0,0,0,0,0,0,0,0,0,0,0,0,0,0.126113103,0,0,0,0,0,0,0,0,0,0.322449184,0,0,0,0,0,0,0,0,0,0,0,0,0,0,0,0,0,0,0,0,0,0,0.127545824,0,0,0,0,0,0.73672851,0,0,0,0,1.004455771,0,0,0,0,0,0,0,0,0,0.345260196,0,0,0,0,0,0,0,0,0,0,0,0,0.10648,0,0,0,0,0,0.229194869,0,0,0,0,0,0,0,0,0,0,0.359798974,0,0,0,0,0,0,0,0,0,0,0,0,0,0,0,0,0,0,0,0,0
KOS-05,West,Buoy-35,Outer,5.320633362,162.9251359,0,0,0,0,0,0,0,0,0,0,0,0,0,0,0,0,0,0,0,0,0,0,0,0,0,0,0,0,0,0,0,0,0,0,0,0,0,0,0,0.43271102,0,0,0.179186538,0.036078161,0,0,0,0,0,0,0,0,0,0,0,0,0,0,0,0,0,0,0,1.702007955,0,0,0,0,0,0,0,0,0,0,0,0,0,0,0,0,0,0,0,0,0,0,0,0,0,0,0,0,0,0,0,0.317071425,0,0,0,0,0,0,0,0,0,0,0,0,0,0,0,0,0,0,0,0,0,0,0,0,0,0,0,0,0,0,0,0,0,0,0,0,0,0,0,0,0,0
KOS-05,West,Buoy-35,Outer,5.320633362,162.9251359,0,0,0,0,0,0.117941358,0,0,0,0,0,0,0,0,0,0,0,0,0,0,0,0,0,0,0,0,0,0,0,0,0,0,0,0.176518843,0,0,0,0,0,0,0,0,0.364890989,0,0,0.099750862,0,0,0,0,0,0,0,0,0.333407385,0,0,0,0,0,0,0,0,0,0,0,0,0,0,0,0,0,0,0,0,0,0,0,0,0,0,0,0,0,0,0,0.448477122,0,0,0,0,0,0,0,0,0,0,0,0.055854316,0.10648,0,0,0,0,0,0,0,0,0,0,0,0,0,0,0,0,0,0,0,0,0,0,0,0,0,0.988742821,0,0,0,0,0,0,0,0,0,0,0,0
KOS-05,West,Buoy-35,Outer,5.320633362,162.9251359,0,0,0,0,0,0.046382664,0,0,0,0,0,0,0,0,0,0,0,0,0,0,0,0,0,0,0,0,0,0,0,0,0,0,0,0,0,0,0,0,0,0.276931938,0,0,0.40403352,0,0,0,0,0,0,0,0,0,0,0,0,0,0,0,0,0,0,0,0,0,0,0.260630458,0,0,0,0,0,0,0,0,0,0,0.657103693,0,0,0,0,0,0,0,0,0,2.234093125,0,0,0,0,0,0,0,0,0,0,0,0,0,0,0,0,0,0,0,0,0,0,0,0,0,0,0,0,0,0,0,0,0,0,0,0,0,0,0,0,0,0,0,0,0,0,0,0,0,0,0
KOS-06,East,Buoy-4,Outer,5.311155562,163.0375079,0,0,0,0,0,0.199655852,0,0,0,0,0,0,0,0,0,0,0,0,0,0,0,0,0,0,0,0,0,0,0,0,0,0,0,0,0,0,0,0,0,0,0,0,0,0,0,0,0,0,0,0,0,0,0,0,0,0,0,0,0,0,0,0,0,0,0,0,0,1.65847853,0,0,0.621351479,0,0.187931108,0,0,0,0,0,0,0,0,0,0,0,0,0,0.358380237,0,0,0,0,0,0,0,0,0,0,0,0,0,0,0,0,0,0,0,0,0,0,0,0.398407169,0,0,0,0,0,0,0,0,0,0.10539983,0,0,0,0,0,0,0,0,0,0,0,0,0,0,0,0,0
KOS-06,East,Buoy-4,Outer,5.311155562,163.0375079,0,0,0,0,0,1.122858533,0,0,0,0,0,0,0,0.294123308,0,0,0,0,0,0,0,0,0,0,0,0,0,0,0,0,0,0,0,0,0,0,0,0,0,0.78166093,0,0,0.33846705,0,0,0,0,0,0,0,0,0,0,0,0,0,0,0,1.337889804,0,0,0,0,0,0,0,0,0,0,0,0,0,0,0,0,0,0,0,0,0,0,0,0,0,0,0,0.679862501,0,0,0,0,0,0,0,0,0,0,0,0,0,0,0,0,0,0,0,0,0,0,0,0,0,0,0,0,0,0,0,0,0,0,0,0,0,0,0,0,0,0,0,0,0,0,0,0,0,0,0
KOS-06,East,Buoy-4,Outer,5.311155562,163.0375079,0,0,0,0,0,0.190634473,0,0,0,0,0,0,0,0.087323898,0,0,0,0,0,0,0,0,0,0,0,0,0,0,0,0,0,0,0,0,0,0,0,0,0,0.478249162,0,0,0.508473197,0,0,0,0,0,0,0,0,0,0,0,0,0,0,0,0,0,0,0,0,0,0,0,0,0,0,0,0,0,0,0,0,0,0,0,0,0,0,0,0,0,0,0,0,0,0,0,0,0,0,0,0,0,0,0,0,0,0,0,0,0,0,0,0,0,0,0,0,0,0,0,0,0,0,0,0,0,0,0,0,0,0,0,0,0,0,0,0,0,0,0,0,0,0,0
KOS-06,East,Buoy-4,Outer,5.311155562,163.0375079,0,0,0,0,0,0.286561488,0,0,0,0,0,0,0,0,0,0,0,0,0,0,0,0,0,0,0,0,0,0,0,0,0,0,0,0,0,0,0,0,0,0.45530974,0,0,0.59536027,0,0,0,0,0,0,0,0,0,0,0,0.186740694,0,0,0.524163467,0,0,0,0,0,0,0,0,0,1.076510682,0,0,0.261915251,0,0,0,0,0,0,0,0,0,0,0,0,0,0,0,0,0,0,0,0,0,0,0,1.003677379,0,0,0,0,0,0,0,0,0,0,0,0,0,0,0,0,0,0,0,0,0,0.617831085,0,0,0,0,0,0,0,0,0,0,0,0,0,0,0,0,0,0,0,0,0
KOS-06,East,Buoy-4,Outer,5.311155562,163.0375079,0,0,0,0,0,0.344205607,0,0,0,0,0,0,0,0,0,0,0,0,0,0,0,0,0,0,0,0,0,0,0,0,0,0,0,0,0,0,0,0,0,0,0,0,0.526109742,0,0,0,0,0,0,0,0,0,0,0,0,0,0,0,0,0,0,0,0,0,0,0,0,0,0,0,0,0,0,0,0,0,0,0,0,0,0,0,0,0,0,0,0,0,0,0,0,0,0,0,0,0,0,0,0,0,0,0,0,0,0,0,0,0,0,0,0,0,0,0,0,0,0,0,0,0,0.124854851,0,0,0,0,0,0,0,0,0,0,0,0,0,0,0,0,0
KOS-06,East,Buoy-4,Outer,5.311155562,163.0375079,0,0,0,0,0,0.092765328,0,0,0,0,0,0,0,0.280085856,0,0,0,0,0,0,0,0,0,0,0,0,0.628649474,0,0,0,0,0,0,0,0,0,0,0,0,0.086683537,0,0,0.693957568,0,0,0,0,0,0,0,0,0,0,0,0,0,0,0,0,0,0,0,0,0,0,0,0,0,0,0,0,0,0,0,0,0,0,0,0,0,0,0,0,0,0,0,0.645432802,0,0,0,0,0,0,0,0,0,0,0,0,0,0,0,0,0,0,0,0,0,0,0,0,0,0,0,0,0,0,0,0,0,0,0,0,0,0,0,0,0,0,0,0,0,0,0,0,0,0,0
KOS-06,East,Buoy-4,Outer,5.311155562,163.0375079,0,0,0,0,0,0.263447791,1.369843181,0,0,0,0,0,0,0,0,0,0,0,0,0,0,0,0,0,0,0,0,0,0,0,0,0,0,0.052038429,0,0,0,0,0,0.103564864,0,0,0.416200951,0,0,0,0,0,0,0,0,0,0,0,0,0,0,0,0,0,0,0,0,0,0,0,0,0.180193263,0,0,0,0,0,0,0,0,0,0,0,0,0,0,0,0,0,0,0,0,0,0,0,0,0,0,0,0,0,0,0,0,0,0,0,0,0,0,0,0,0,0,0,0,0,0,0,0,0,0,0,0,0,0,0,0,0,0,0,0,0,0,0,0,0,0,0,0,0,0
KOS-06,East,Buoy-4,Outer,5.311155562,163.0375079,0,0,0,0,0,0.3397739,0,0,0,0,0,0,0,0,0,0,0,0,0,0,0,0,0,0,0,0,0,0,0,0,0,0,0,0,0,0,0,0,1.919222699,0,0,0,0.526238394,0,0,0,0,0,0,0,0,0,0,0,0,0,0,0,0.181028523,0,0,0,0,0,0,0,0,0.113930184,0,0,0,0,0,0,0,0,0,0,0,0,0,0,0,0,0,0,0.321482264,0,0,0,0,0,0,0,0,0,0,0,0,0.06539203,0,0,0,0,0,0,0,0,0,0,0,0,0.687424315,0,0,0,0,0,0,0,0,0,0,0,0,0,0,0,0,0,0,0,0,0,0,0,0,0
KOS-06,East,Buoy-4,Outer,5.311155562,163.0375079,0.86809083,0,0,0,0,0.800996033,0,0,0,0,0,0,0,0,0,0,0,0,0,0,0,0,0,0,0,0,0,0,0,0,0,0,0,0,0,0,0,0,0,0.312309761,0,0,0,0,0,0,0,0,0,0,0,0,0,0,0,0,0,0,1.583204805,0,0,0,0,0,0,0,0,0,0,0,0,0,0,0,0,0,0,0,0.055220487,0,0,0,0,0,0,0,0.255022601,0,0,0,0,0,0,0,0,0,0,0,0,0,0,0,0,0,0,0,0,0,0,0,0,0,0,0,0,0,0.186753599,0,0,0,0.292863657,0,0,0,0,0,0,0,0,0,0,0,0,0,0,0,0,0
KOS-06,East,Buoy-4,Outer,5.311155562,163.0375079,0,0,0,0,0,0.65744774,0,0,0,0,0,0,0,0,0,0,0,0,0,0,0,0,0,0,0,0,0,0,0,0,0,0,0,0,0,0,0,0,0,0.190248401,0,0,3.70342156,0,0,0.574002939,0,0,0,0,0,0,0,0,0,0,0,0,0,0,0,0,0,0,0,0,0,0.449978746,0,0,0,0,0.456887523,0,0,0,0,0,0,0,0,0,0,0,0,0,0.197882576,0,0,0,0,0,0,0,0,0,0,0,0,0,0,0,0,0,0,0,0,0,0,0,0,0,0,0,0,0,0,0,0,0,0,0,0,0,0,0,0,0,0,0,0,0,0,0,0,0,0,0
KOS-06,East,Buoy-4,Outer,5.311155562,163.0375079,0,0,0,0,0,0.451240695,0,0,0,0,0,0,0,0,0,0,0,0,0,0,0,0,0,0,0,0,0,0,0,0,0,0,0,0,0,0,0,0,0,0.65245935,0,0,0.514656542,0,0,0,0,0,0,0,0,0,0,0,0,0,0,0,0.736166352,0,0,0,0,0,0,0,0,1.660785245,0,0,0,0,0.40956377,0,0,0,0,0,0,0,0,0,0,0,0,0,0.287052565,0,0,0,0,0,0,0,0.513704232,0,0,0,0,0,0,0,0,0,0,0,0,0,0,0,0,0,0,0,0,0,0,0,0,0,0,0,0,0,0,0,0,0,0,0,0,0,0,0,0,0,0,0
KOS-06,East,Buoy-4,Outer,5.311155562,163.0375079,0,0,0,0,0,0.500918951,0,0,0,0,0,0,0,0,0,0,0,0,0,0,0,0,0,0,0,0,0,0,0,0,0,0,0,0.07829275,0,0,0,0,0,0.599855138,0,0,0.431052589,0,0,0,0,0,0,0,0,0,0,0,0,0,0,0,0.426152884,0,0,0,0,0,0,0,0,0,0,0,0,0,0.599128076,0,0,0,0,0,0,0,0,0,0,0,0,0,0,0,0,0,0,0,0,0,0,0,0,0,0.069753865,0,0,0,0,0,0,0,0,0,0,0,0,0,0,0,0,0,0,0,0,0,0,0,0,0,0,0,0,0,0,0,0,0,0,0,0,0,0,0
KOS-07,Northwest Corner,Buoy-40,Outer,5.35639957,162.9469886,0,0,0,0,0,0,0,0,0,0,0,0,0,0,0,0,0,0,0,0,0,0,0,0,0,0,1.159227156,0,0,0,0,0,0.563528335,0,0,0,0,0,0,0.603935856,0,0,0.29864423,0,0,0.73782649,0,0,0,0.097812548,0,0,0,0,1.004756599,0,0,0,0,0,0.183925615,0,0,0,0,0.108102956,0,0,0,0,0,0,0,0,0,0,0.598715719,0,0,0,0,0,0,0,0,0,0,0,0,0,0,0,0,0.597028315,0,0,0,0,0,0,0,0,0,0,0,0.200730042,0,0,0,0,0,0,0,0,0,0,0.403753273,0,0,0,0,0,0,0,0,0,0,0,0,0,0,0,0,0,0,0,0,0
KOS-07,Northwest Corner,Buoy-40,Outer,5.35639957,162.9469886,0,0,0,0,0,0,0,0,0,0,0,0,0,0,0,0,0,0,0,0,0,0,0,0,0,0,0,0,0,0,0,0,0,0,0,0,0,0,0,0.756655076,0,0,0.224846982,0,0,0,0,0,0,0,0,0,0,0,0,0,0,0,0,0,0,0,0,0,0,0,0,0,0,0,0,0,0,0,0,0,0,0,0,0,0,0,0,0,0,0,0,0,0,0,0,0,0,0,0,0,0,0,0,0,0,0,0,0,1.193392504,0,0,0,0,0,0,0,0,0,0,0,1.627130464,0,0,0,0,0,0,0,0,0,0,0,0,0,0,0,0,0,0,0,0,0
KOS-07,Northwest Corner,Buoy-40,Outer,5.35639957,162.9469886,0,0,0,0,0,0,0,0,0,0,0,0,0,0.142701691,0,0,0,0,0,0,0,0,0,0,0,0,0,0,0,0,0,0,0,0,0,0,0,0,0,0,0,0,0.285657438,0,0,1.038087825,0,0,0,0,0,0,0,0,0.41152511,0,0,0,0.323268876,0,0,0,0,0,0,0.112004879,0,0,0,0,0,0,0,0,0,0,0.713740758,0.259189952,0,0,0,0,0,0,0,0,0,0,0,0,0,0,0,0,0,0,0,0,0,0,0,0,0,0,0,0,0,0,0.179389682,0,0,0,0,0,0,0,0.024357209,0,0,0,0,0.327766479,0,0,0,0,0,0,0,0,0,0,0,0,0,0,0,0
KOS-07,Northwest Corner,Buoy-40,Outer,5.35639957,162.9469886,0,0,0,0,0,0,0,0,0,0,0,0,0,0,0,0,0,0,0,0,0,0,0,0,0,0,0,0,0,0,0,0,0,0,0,0,0,0,0,1.14764409,0,0,0.4512894,0,0,0,0,0,0,0,0,0,0,0,0,0,0,0,0,0,0,0,0,0,0,0,0,0,0,0,0,0,0,0,0,0,0,0.877097265,0,0,0,0,0,0,0,0,0,0,0,0,0,0,0,0,0,0,0,0,0,0,0,0,0,0,0,0,0,0,0,0,0,0,0,0,0,0.281267976,0.451110383,0.399582815,0,0,0,0,0,0,0,0,0,0,0,0,0,0,0,0,0,0,0,0
KOS-07,Northwest Corner,Buoy-40,Outer,5.35639957,162.9469886,0,0,0,0,0,0,0,0,0,0,0,0,0,0.103788678,0,0,0,0,0,0,0,0,0,0,0,0,0,0,0,0,0,0,0,0.1565855,0,0,0,0,0,0.17307743,0,0,0.059728846,0,0,0,0,0,0,0,0,0,0,0,0.370023832,0,0,0,0,0,0.208156118,0,0,0,0,0.075398378,0,0,0,0,0,0,0,0,0,0,0,0.186949446,0,0,0,0,0,0,0,0,0,0,0,0,0,0,0,0,0,0,0,0,0,0.07762392,0,0,0,0,0,0,0,0,0,0.120171472,0,0,0,0,0,0,0.313100165,0,0.22034842,0,0,0,0,0,0,0,0,0,0,0,0,0,0,0,0,0,0,0
KOS-07,Northwest Corner,Buoy-40,Outer,5.35639957,162.9469886,0,0,0,0,0,0,0.358167028,0,0,1.291969192,0,0,0,0,0,0,0,0,0,0,0,0,0.596465682,0,0,0,0,0,0,0,0,0,0,0,0,0,0,0,0,0,0,0,0.449693964,0,0,0,0,0,0,0,0,0,0,0,0,0,0,0,0,0,0,0,0,0,0,0,0,0,0,0,0.29361545,0,0,0,0,0,0,0,0,0,0,0,0,0,0,0,0,0,0,0,0,0,0,0,0,0,0,0,0.316985021,0,0,0,0,0,0,0,0,0,0,0,0,0,0,0,0,0,0.614824354,0,0,0,0,0,0,0,0,0,0,0,0,0,0,0,0,0,0,0,0,0
KOS-07,Northwest Corner,Buoy-40,Outer,5.35639957,162.9469886,0,0,0,0,0,0.058891288,0,0,0,0,0,0,0,0,0,0,0,0,0,0,0,0,0,0,0,0,0,0,0,0,0,0,0,0,0,0,0,0,0,0.338089818,0,0,0.360606432,0,0,0.369348565,0,0,0,0,0,0,0,0,0,0,0,0,0,0,0,0,0,0,0,0.090761618,0,0,0,0,0,0,0,0,0,0,0,0.093474723,0,0,0,0,0,0,0,0,0.197882576,0,0,0,0,0,0,0,0,0,0,0,0,0,0,0,0,0,0,0,0,0,0,0.057170282,0,0,0,0,0,0,0,0.105248616,0,0,0.371265101,0,0,0,0,0,0,0,0,0,0,0,0,0,0,0,0,0
KOS-07,Northwest Corner,Buoy-40,Outer,5.35639957,162.9469886,0,0,0,0,0,0,0,0,0,0,0,0,0,0.217699781,0,0,0,0,0,0,0,0,0,0,0,0,0,0,0,0,0,0,0,0,0,0,0,0,0,0.464096498,0,0,0.462927695,0,0,0,0,0,0,0,1.069716972,0,0,0,0,0,0,0,0,0,0,0,0,0,0,0,0,0,0,0,0.232550292,0,0,0,0,0,0,0,0,0,0,0,0,0,0,0,0.450645632,0,0,0,0,0,0,0,0,0,0,0,0,0,0,0,0,0,0,0,0,0,1.232996893,0,0,0,0,0,0,0.317341246,0,0.54381426,0,0,0,0,0,0,0,0,0,0,0,0,0,0,0,0,0,0,0,0
KOS-07,Northwest Corner,Buoy-40,Outer,5.35639957,162.9469886,0,0,0,0,0,0.092765328,0,0,0,0,0,0,0,0.537184464,0,0,0,0,0,0,0,0,0,0,0,0,0,0,0,0,0,0,0,0,0,0,0,0,0,0.207129728,0,0,0.224846982,0,0,0,0,0,0,0.114394306,0,0,0,0,0,0,0,0,0,0,0,0,0,0,0,0,0,0,0,0,0,0,0,0,0,0,0,0,0,0,0,0,0,0,0,0,0,0,0,0,0,0,0,0,0,0,0,0,0,0,0,0,0,0,0,0.150745208,0,0,0,0,0,0,0,0,0.160732027,0,0,0,0,0,0,0,0,0,0,0,0,0,0,0,0,0,0,0,0,0,0,0
KOS-07,Northwest Corner,Buoy-40,Outer,5.35639957,162.9469886,0,0,0,0,0,0,0,0,0,0,0,0,0,0,0,0,0,0,0,0,0,0,0,0,0,0,0,0,0,0,0,0,0,0,0,0,0,0,0,0,0,0,0.224846982,0,0,0,0,0,0,0,0,0,0,0,0,0,0,0,0,0,0,0,0,0,0,0,0,0,0,0,0,0,0,0,0,0,0.563343382,0,0,0,0,0,0,0,0,0,0,0,0,0,0,0,0,0,0.302990623,0,0,0,0.276378141,0,0,0,0,0,0,0,0,0,0,0,0,0,0,0,0,0.398407169,0,0.504270853,0,0,0,0,0,0,0,0,0,0,0,0,0,0,0,0,0,0,0,0
KOS-07,Northwest Corner,Buoy-40,Outer,5.35639957,162.9469886,0,0,0,0,0,0.117782576,0,0,0,0,0,0,0,0,0,0,0,0,0,0,0,0,0,0,0,0,0.570030108,0,0.189759247,0,0,0,0,0,0,0,0,0,0,0.103564864,0,0,0.531090735,0,0,0,0,0,0,0,0,0,0,0,0,0,0,0,0,0,0,0,0,0,0,0.169993192,0,0,0,0,0,0,0,0,0,0,0,0,0,0,0,0,0,0,0,0,0.149492374,0,0,0,0,0,0,0,0,0,0,0,0.08587145,0,0,0,0,0,0,0,0,0,0,0,0,0,0,0,0,0,0.137025294,0,0,0,0,0,0,0.189537912,0,0,0,0,0,0.628983852,0,0,0,0,0,0,0,0
KOS-07,Northwest Corner,Buoy-40,Outer,5.35639957,162.9469886,0,0,0,0.638830712,0,0,0,0,0,0,0,0,0,0,0,0,0,0,0,0,0,0,0,0,0,0,0,0,0,0,0,0,0,0,0,0,0,0,0,0,0,0,0,0,0,0,0,0,0,0,2.614464015,0,0,0,0,0,0,0,0,0,0,0,0,0,0,0,0,0.236176646,0,0,0.5872309,0.331553222,0,0,0,0,0.713740758,0.58473151,0,0,0,0,0,0,0,0,0.642964528,0,0,0,0,0,0,0,0.230754933,0,0,0,0,0,0,0,0,0,0,0,0,0,0,0,0.443623964,0,0,0,0,0,0.807506546,0.27190713,0,0,0,0,0,0,0,0,0,0,0,0,0,0,0,0,0,0,0,0
KOS-07,Northwest Corner,Buoy-40,Outer,5.35639957,162.9469886,0,0,0,0,0,0.07346119,0,0,0,0.109407713,0,0,0,0.465279373,0,0,0,0,0,0,0,0,0,0,0,0,0.570030108,0,0,0,0,0,0,0,0,0,0,0,0,0.130486472,0,0,0.074948994,0,0,0,0,0,0,0,0,0,0,0,0.262247208,0,0,0,0,0,0,0,0,0,0,0.039949532,0,0,0,0,0,0,0,0,0,0,0,0,0,0,0,0,0,0,0,0,0.12839508,0,0,0,0,0,0,0,0.230754933,0,0,0,0,0,0,0,0,0,0,0,0,0,0.129574745,0,0,0,0,0,0,0,0,0,0,0,0,0,0,0,0,0,0,0,0,0,0,0,0,0,0,0,0,0
KOS-07,Northwest Corner,Buoy-40,Outer,5.35639957,162.9469886,0,0,0,0,0,0,0,0.14692238,0,0,0,0,0,0,0,0,0,0,0,0,0.296675471,0,0,0,0,0,0,0,0,0,0,0,0,0,0,0,0,0,0,0,0,0,0.780360216,0,0,0,0,0,0,0,0,0,0,0,0,0,0,0.355023788,0,0,0,0,0.803108978,0,0,0,0,0,0,0,0.949087508,0,0,0,0,0,0,0,0,0,0,0,0,0,0,0,0.642964528,0,0,0,0,0,0,0,0,0,0,0,0,0,0,0,0,0,0,0,0,0,0,0,0,0,0,0,0,0,0,0,0,0,1.37390131,0,0,0,0,0,0,0,0,0,0,0,0,0,0,0,0,0
KOS-07,Northwest Corner,Buoy-40,Outer,5.35639957,162.9469886,0,0,0,0,0,0,0,0,0,0.109407713,0,0,0,0.247579592,0,0,0,0,0,0,0,0,0,0,0,0,0.692515483,0,0,0,0,0,0,0.094245749,0,0,0,0,0,0.520410944,0,0,0,0,0,0.099750862,0,0,0,0,0,0,0,0,0,0,0,0,0.368083176,0,0,0,0,0,0,0.050114643,0,0,0,0,0,0,0,0,0,0,0,0,0,0,0,0,0,0,0,0,0.197882576,0,0.732131732,0,0,0,0,0,0,0,0,0,0,0,0,0,0,0,0,0,0,0,0,0,0,0,0,0,0,0,0,0,0,0,0,0,0,0,0,0,0,0,0,0,0,0,0,0,0,0,0,0
KOS-07,Northwest Corner,Buoy-40,Outer,5.35639957,162.9469886,0,0,0,0,0,0,0,0,0,0,0,0,0,0,0,0,0,1.670177826,0,0,0,0,0,0,0,0,0,0,0,0,0,0,0,0,0,0,0,0,0,0,0,0,0.449693964,0,0,0,0,0,0,0,2.614464015,0,0,0,0,0,0,0,0,0,0,0,0,0,0,0,0,0.413859964,0,0,0.541452129,0,0,0,0,0,0,0,0,0,0,0,0,0,0,0,0,0,0,0,0,0,0,0,0,0,0,0,0,0,0,0,0,0,0,0,0,0,0,0,0,0,0,0,0,0,1.00398604,0,0,0,0,0.574323128,0,0,0,0,0,0,0,0,0,0,0,0,0,0,0,0
KOS-07,Northwest Corner,Buoy-40,Outer,5.35639957,162.9469886,0,0,0,0,0,0,0,0,0,0,0,0,0,0.247579592,0,0,0,0,0,0,0,0,0,0,0.168830832,0,0,0,0.244137969,0,0,0,0,0,0,0,0,0,0,0.103564864,0,0,0.059728846,0,0,0.414892217,0,0,0,0,0,0,0,0,0,0,0,0,0.978665568,0,0,0,0,0,0,1.833051889,0,0,0,0,0,0,0,0,0,0,0,0,0,0,0,0,0,0,0,0,0,0,0,0,0,0.023977336,0,0,0,0,0,0,0.087987274,0.09129329,0,0,0,0,0,0,0,0,0,0,0,0,0,0,0,0,0,0,0,0,0,0,0,0,0,0,0,0,0,0,0,0,0,0,0,0,0,0
KOS-07,Northwest Corner,Buoy-40,Outer,5.35639957,162.9469886,0,0,0,0,0,0,0,0.14692238,0,0,0,0,0,0,0,0,0,0,0,0,0,0,0,0,0,0,0,0,0,0,0,0,0,0,0,0,0,0,0,0.875603044,0,0,0.33846705,0,0,0,0,0,0,0,2.83349381,0,0,0,0,0,0,0,0,0,0,0,0,0,0,0,0,0.472353292,0,0,0,0,0,0,0,0,0,2.245709637,0,0,0,0,0,0,0,0,0.395765152,0,0,0,0,0,0,0,0,0,0,0,0,0,0,0,0,0,0,0,0,0,0,0,0,0,0,0,0,0,0,0,0,0,0,0,0,0,0,0,0,0,0,0,0,0,0,0,0,0,0,0
KOS-07,Northwest Corner,Buoy-40,Outer,5.35639957,162.9469886,0,0,0,0,0,0,0,0,0,0,0,0,0,0.247579592,0,0,0,0,0,0,0,0,0,0,0,0,0,0,0.113262112,0,0,0,0,0,0,0,0,0,0,0.167346947,0,0,0.260653445,0,0,0.118959223,0,0,0,0,0,0,0,0,0,0,0,0,0,0,0,0.99986093,0,0,0,0.050114643,0,0.343854881,0,0,0,0,0,0,0,0,0.657103693,0,0,0,0,0,0,0,0,0,0,0,0,0,0,0,0,0,1.032860061,0,0,0,0,0.07762392,0,0,0,0,0,0.26008643,0,0,0,0,0,0,0,0,0,0,0,0,0,0,0,0,0,0,0,0,0,0,0,0,0,0,0,0,0,0,0,0
KOS-07,Northwest Corner,Buoy-40,Outer,5.35639957,162.9469886,0,0,0,0,0,0,0,0.180496278,0,0.117782576,0,0,0,0,0,0,0,0,0,0,0,0,0,0,0,0,0,0,0,0,0,0,0,0,2.889293975,0,0,0,0,0,0,0,0.971016402,0,0,0,0,0,0,0,0,0,0,0,0,0,0,0,0,0,0,0,0,0,0,0,0,0,0,0,0,0,0,0,0,0,0,0,0,0,0,0,0,0,0,0,0,0,0,0,0,0,0,0,0,0,0,0,0,0,0,0,0,0,0,0,0,0,0,0,0,0,0,0,0,0,0,0,0,0,0,0,0,0,0,0,0,0,0,0,0,0,0,0,2.698160828,0,0,0
KOS-07,Northwest Corner,Buoy-40,Outer,5.35639957,162.9469886,0,0,0,0,0,0,0,0,0,0,0,0,0,0,0,0,0,0,0,0,0,0,0,0,0,0,0.2282799,0,0.232952768,0,0,0,0.089752075,0,0,0,0,0,0,0.400553984,0,0,0.355825402,0,0,0.164579958,0,0,0,0,0,0,0,0,0,0,0,0,0,0,0,0,0,0,0,0,0,0,0,0,0,0,0,0,0,0,0,0,0,0,0,0,0,0,0,0,0,0,0,0,0,0,0,0,0,0,0,0,0,0.10648,0,0,0,0,0,0,0,0,0,0,0,0,0,0,0,0,0,0,0,0,0,0,0,0,0,0,0,0,0,0,0,0,0,0,0,0,0,0
KOS-07,Northwest Corner,Buoy-40,Outer,5.35639957,162.9469886,0,0,0,0,0,0,0,0,0,0,0,0,0,0,0,0,0,0,0,0,0,0,0,0,0,0,0,0,0,0,0,0,0,0,0,0,0,0,0,1.332782046,0,0,0.462927695,0,0,0,0,0,0,0,0,0,0,0,0,0,0,0,0,0,0,0,0,0,0,0,0,0,0,0,0,0,0,0,0,0,0.378893794,0,0,0,0,0,0,0,0,0,0,0,0,0,0,0,0,0,0,0,0,0,0,0,0,0,0,0,0,0,0,0,0,0,0,0,0,0,0,0.443623964,0.614824354,0,0,0,0,0,0,0.317341246,0,0,0,0,0,0,0,0,0,0,0,0,0,0
KOS-07,Northwest Corner,Buoy-40,Outer,5.35639957,162.9469886,0,0,0,0,0,0,0.288965017,0,0,0,0,0,0,0,0,0,0,0,0,0,0,0,0,0,0,0,0,0,0,0,0,0,0,0,0,0,0,0,0,0,0,0,0.187771344,0,0,0,0,0,0,0,0,0,0.204420795,0,0,0,0,0,0,0,0.344959971,0.663037222,0,0,0,0.075398378,0,0.155855299,0,0,0,0,0,0,0,0,0,0,0,0,0,0,0,0,0,0,0.287052565,0,0,0,0,0,0,0,0,0,0,0,0.206180069,0,0,0,0,0,0,0,0,0,0,0,0,0,0,0,0,0,0,0,0,0,0,0,0,0,0,0,0,0,0,0,0,0,0,0,0,0,0,0
KOS-07,Northwest Corner,Buoy-40,Outer,5.35639957,162.9469886,0,0,0,0,0,0,0,0.328223139,0,0,0,0,0,0,0,0,0,0,0,0,0,0,0,0,0,0,0,0,0,0,0,0,0,0,3.24518903,0,0,0,0,0.666391023,0,0,0,0,0,0,0,0,0,0,0,0,0,0,0,0,0,0,0,0,0,0,0,0,0,0,0,0,0,0,0,0,0,1.027277452,0,0,0,0,0,0,0,0,0,0,0,0,2.081557178,0,0,0,0,0,0,0,0,0,0,0,0,0,0,0,0,0,0,0,0,0,0,0,0,0,0,0,0,0.71270051,0,0,0,0,0,0,0,0,0,0,0,0,0,0,0,0,0,0,0,0,0,0
KOS-08,Northwest Corner,Buoy-41,Outer,5.361430848,162.9483609,0,0,0,0,0,0,0,0,0,0,0,0,0,0.760788776,0,0,0,0,0,0,0,0,0,0,0,0,0,0,0,0,0,0,0,0.388025506,0,0,0,0,0,0,0,0,0.585517312,0.0195395,0,0,0,0,0,0,0,0,0,0,0,0,0,0,0,0,0,0,0,0,0,0,0,0.455720736,0,0,0.232550292,0,0,0,0,0,0,0,0,0,0,0,0,0,0,0,0.255022601,0,0,0,0,0,0,0,0.171234744,0,0,0,0,0,0,0,0,0,0,0.150745208,0,0,0,0,0,0,0,0,0,0,0,0,0.495100306,0,0.226296499,0,0,0,0,0,0,0,0,0,0,0,0,0,0,0,0,0
KOS-08,Northwest Corner,Buoy-41,Outer,5.361430848,162.9483609,0,0,0,0,0,0.105273952,0,0,0,0,0,0,0,0,0,0,0,0,0,0,0,0,0,0,0.390861589,0,0.37275666,0,0,0,0,0,0,0,0,0,0,0,0,0.220987334,0,0,0.406449917,0,0,0.327308058,0,0,0,0,0,0,0,0,0,0,0,0,0,0,0,0,0,0,0,0,0,0,0,0,0,0,0,0,0,0,0,0,0,0,0,0,0,0,0,0,0,0,0,0,0,0,0,0.466614509,0,0,0,0,0,0,0,0,0,0,0,0,0,0,0,0,0,0,0,0,0,0.120171472,0,0,0.645547118,0,0,0,0,0,0,0,0,0,0,0,0,0,0,0,0,0,0,0
KOS-08,Northwest Corner,Buoy-41,Outer,5.361430848,162.9483609,0,0,0,0,0,0.046382664,0,0,0,0,0,0,0,0.246490369,0,0,0,0,0,0,0,0,0,0,0,0,0,0,0,0,0,0,0,0,0,0,0,0,0,0.27759772,0,0,0.61869224,0,0,0.118959223,0,0,0,0,0,0,0,0,0,0,0,0,0,0,0,0,0,0,0,0,0,0,0,0,0,0,0,0,0,0,0,0,0,0,0,0,0,0,0,0,0.484935141,0,0,0,0,0,0,0,0,0,0,0,0.033995476,0,0,0,0,0,0,0,0,0,0,0,0,0,0.181295939,0,0,0,0,0,0,0,0,0,0,0,0,0,0,0,0,0,0,0,0,0,0,0,0,0
KOS-08,Northwest Corner,Buoy-41,Outer,5.361430848,162.9483609,0,0,0,0,0,0.105273952,0,0,0,0,0,0,0,0.19033463,0,0,0,0,0,0,0,0.842575902,0,0,0.280804978,0,0,0,0,0,0,0,0,0,0,0,0,0,0,0.510093134,0,0,0.441906876,0,0,0,0,0,0,0,0,0,0,0,0,0,0,0,0,0,0,0,0,0,0,0,0,0,0.10461311,0,0.49552754,0,0,0,0,0,0,0,0,0,0,0,0,0,0,0,0,0,0,0,0,0,0,0,0.171234744,0,0,0,0,0,0,0,0,0,0,0,0,0,0,0,0,0,0.210567139,0,0,0,0,0,0,0,0,0,0,0,0,0,0,0,0,0,0,0,0,0,0,0,0,0
KOS-08,Northwest Corner,Buoy-41,Outer,5.361430848,162.9483609,0,0,0,0,0,0,0,0,0,0.109407713,0,0,0,0.165372457,0,0,0,0,0,0,0,0,0,0.460665419,0,0,0,0,0,0,0,0,0,0,0,0,0,0,0,0.287962793,0,0,0.298891997,0.072156322,0,0,0,0,0,0,0,0,0,0,0,0,0,0,0,0,0,0,0,0,0,0,0,0.534030418,0,0,0,0,0,0,0,0,0,0,0,0,0,0,0,0,0,0,0.719296325,0,0,0,0,0,0,0,0.08516547,0,0,0,0,0.22974391,0,0,0,0,0,0,0,0,0,0,0,0,0,0,0,0,0,0,0.119619086,0,0,0,0,0,0,0,0,0,0,0,0,0,0,0,0,0,0,0
KOS-08,Northwest Corner,Buoy-41,Outer,5.361430848,162.9483609,0,0,0,0,0,0,0,0,0,0.109407713,0,0,0,0,0,0,0,0,0,0,0,0,0,0,0,0,0,0,0,0,0,0,0,0,0,0,0,0,0,0.289895754,0,0,0.119457692,0.036078161,0,0,0,0,0,0,0,0,0,0,0,0,0,0,0,0,0,0,0,0,0,0,0,0.534030418,0,0,0,0,0,0,0,0,0.443981113,0,0,0,0,0,0,0,0.588716645,0,0.981925573,0,0,0,0,0,0,0,0,0,0,0,0.104388897,0,0,0,0,0,0,0,0,0,0,0.543984201,0.189537912,0,0.602481859,0,0,0,0.281606486,0,0.635837256,0,0,0,0,0,0,0,0,0,0,0,0,0,0,0,0,0,0,0
KOS-08,Northwest Corner,Buoy-41,Outer,5.361430848,162.9483609,0,0,0,0,0,0.026925144,0,0,0,0,0,0,0,0.315330463,0,0,0,0,0,0,0,0,0,0,0,0,0,0,0.09725567,0,0,0,0,0,0,0,0,0,0,0.134047246,0,0,0.260653445,0.096189892,0,0.220753608,0,0,0,0,0,0,0,0,0,0,0,0,0,0,0,0,0,0,0,0,0,1.049061978,0,0,0,0,0,0,0,0,0,0,0,0,0,0,0,0,0.810123047,0,0.321482264,0,0,0,0,0,0,0,0,0,0,0,0,0,0,0,0,0,0,0,0,0,0,0,0,0,0.240850618,0,0,0,0,0,0,0,0,0,0,0,0,0,0,0,0,0,0,0,0,0,0,0,0,0
KOS-08,Northwest Corner,Buoy-41,Outer,5.361430848,162.9483609,0,0,0,0,0,0,0.228408383,0,0,0,0,0,0,0.165372457,0,0,0,0,0,0,0,0,0,0,0.280804978,0,1.090082039,0,0.268455813,0,0,0,0,0,0,0,0,0,0,0.122548807,0,0,0.500018643,0,0,0,0,0,0,0,0,0,0,0,0,0,0,0,0,0,0,0,0,0,0,0,0,0.155855299,0,0,0,0,0,0,0,0,0,0,0,0,0,0,0,0,0,0,0,0,0,0,0,0,0,0,0,0,0,0,0.08587145,0,0,0,0,0,0,0,0,0,0,0,0,0,0,0,0,0,0,0,0.083943069,0,0,0,0,0,0,0,0,0,0,0,0,0,0,0,0,0,0,0
KOS-08,Northwest Corner,Buoy-41,Outer,5.361430848,162.9483609,0,0,0,0,0,0,0,0,0,0,0,0,0,0.353425407,0,0,0,0,0,0,0,0,0,0,0,0,0,0,0.09725567,0,0,0,0,0,0,0,0,0,0,0,0,0,0.300877586,0,0,0,0,0,0,0,0,0,0,0,0,0,0,0,0,0,0,0,0,0,0,0,0,0,0,0,0,0,0,0,0,0,0,0,0,0,0,0,0,0,0,0,0,0,0,0,0,0,0,0,0.08516547,0,0,0,0.104388897,0,0,0,0,0,0,0.26008643,0,0,0,0,0,0,0.242784508,0,0,0.120171472,0,0,0,0,0,0,0,0,0,0,0,0,0,0,0,0,0,0,0,0,0,0
KOS-08,Northwest Corner,Buoy-41,Outer,5.361430848,162.9483609,0,0,0,0,0,0.193305044,0,0,0,0,0,0,0,0.19033463,0,0,0,0,0,0,0,0,0,0,0,0,0,0,0.139571618,0,0,0,0,0,0,0,0,0,0,0,0,0,0.32098312,0,0,0.220753608,0,0,0,0,0,0,0,0,0,0,0,0,0,0,0,0,0,0,0,0,0,0,0,0,0,0,0,0,0,0,0,0,0,0,0,0,0,0,0,0,0,0,0,0,0,0,0,0,0,0,0,0,0,0,0,0,0,0,0,0,0,0,0,0,0,0,0,0,0,0,0,0,0,0,0.415200307,0,0,0,0,0,0,0,0,0,0,0,0,0,0,0,0,0
KOS-08,Northwest Corner,Buoy-41,Outer,5.361430848,162.9483609,0,0,0,0,0,0.278295984,0,0,0,0,0,0,0,0,0,0,0,0,0,0,0,0,0,0,0,0,0.300904161,0,0,0,0,0,0,0,0,0,0,0,0,0.670432622,0,0,0.43332207,0,0,0,0,0,0,0,0,0,0,0,0,0,0,0,0,0,0,0,0,0,0,0,0,0,0,0,0,0,0,0,0,0,0,0,0,0,0,0,0,0,0,0,0,0,0,0,0,0,0,0,0,0,0,0,0.125490564,0,0,0,0,0,0,0,0,0,0,0,0,0,0,0,0,0,0,0,0,0,0,0,0,0,0,0,0,0,0,0,0,0,0,0,0,0,0,0
KOS-08,Northwest Corner,Buoy-41,Outer,5.361430848,162.9483609,0,0,0,0,0,0.185530656,0.653752047,0,0,0,0,0,0,0,0,0,0,0,0,0,0,0,0,0,0,0,0,0,0.09725567,0,0,0,0,0,0,0,0,0,0,0.103564864,0,0,0.429986002,0,0,0.327308058,0,0,0,0,0,0,0,0,0,0,0,0,0,0,0,0,0,0,0,0,0,0,0,0,0,0.208045903,0,0,0,0,0,0,0,0,0,0,0,0,0,0,0.287052565,0,0,0,0,0,0,0,0,0,0,0,0,0,0,0,0,0,0,0,0,0,0,0.084838802,0,0,0.278083007,0,0,0,0,0,0,0,0,0,0,0,0,0,0,0,0,0,0,0,0,0,0,0,0,0
KOS-09,Northwest Corner,Buoy-39,Outer,5.353099874,162.9470447,0,0,0,0.494988984,0,0,0,0,0,0,0,0,0,0,0,0,0,0,0,0,0.806934053,0,0,0,0,0,0,0,0,0,0,0,0,0,0,0,0.25427266,0,0,1.357871609,0,0,0.553931508,0,0,0,0,0,0,0,0,0,0,0,0,0,0,0,0,0,0,0,0,0,0,0,0,0.537395011,0,0,0,0,0,0,0,0,0,0,0,0,0,0,0,0,0,0,0,0,0,0,0,0,0,0,0,0,0,0,0,0,0,0,0,0,0,0,0,0,0.10869247,0,0.543984201,0.281267976,0,0,0,0,0,0,0,0,0,0,0,0,0,0,0,0,0,0,0,0,0,0,0,0,0,0
KOS-09,Northwest Corner,Buoy-39,Outer,5.353099874,162.9470447,0,0,0,0,0,0,0,0,0,0,0,0,0,0,0,0,0,0,0,0,0,0,0,0,0,0,0.464235583,0,0,0,0,0,0,0,0,0,0,0,0,0.68457139,0,0,0.3194127,0,0,0,0,0,0,0,0,0,0,0,0,0,0,0,0,0,0,0,0,0,0,0,0,1.054812275,0,0,0,0,0,0,0,0,0,0,0,0,0,0,0,0,0,0,0.321482264,0,0,0,0,0,0,0,0,0,0,0,0,0,0,0,0,0,0,0,0,0,0,0,0,0,0,0,0,0.598609222,0.403753273,0,0,0,0,0,0,0,0,0,0,0,0,0,0,0,0,0,0,0,0,0
KOS-09,Northwest Corner,Buoy-39,Outer,5.353099874,162.9470447,0,0,0,0,0,0,0,0,0,0,0,0,0,0,0,0,0,0,0,0,0,0,0,0,0,0,0,0,0,0,0,0,0,0,0,0,0,0,0,1.006976107,0,0,0.284554726,0,0,0,0,0,0,0,0,0,0,0,0,0,0,0,0,0,0,0,0,0,0,0,0,1.527165567,0,0,0,0,0,0,0,0,0,0,1.922886102,0,0,0,0,0,0,0,0.542075166,0,0,0,0,0,0,0,0,0,0,0,0,0,0,0,0,0,0,0,0,0,0,0,0,0,0,0,0,0.24801808,0,0,0,0,0,0,0,0,0,0,0,0,0,0,0,0,0,0,0,0,0,0
KOS-09,Northwest Corner,Buoy-39,Outer,5.353099874,162.9470447,0,0,0,0,0,0,0,0,0,0,0,0,0,0,0,0,0,0,0,0,0,0,0,0,0,0,0,0,0,0,0,0,0,0,0,0,0,0,0,1.217274172,0,0,0.395310183,0,0,0,0,0,0,0,0,0,0,0,0,0.60800451,0,0,0,0,0,0,0,2.699691088,0,0,0,1.320885362,0,0,0,0,0,0,0,0,0,0,5.469256675,0,0,0,0,0,0,0,0,0,0,0,0,0,0,0,0,0,0,0,0,0,0,0,0,0,0,0,0,0,0,0.799974219,0,0,0,0,0,0,0,0,0,0,0,0,0,0,0,0,0,0,0,0,0,0,0,0,0,0,0,0
KOS-09,Northwest Corner,Buoy-39,Outer,5.353099874,162.9470447,0,0,0,0,0,0,0,0,0,0,0,0,0,0.445458313,0,0,0,0,0,0,0,0,0,0,0,0,0.79627057,0,0,0,0,0,0,0,15.20432396,0,0,0,2.275780235,0.222130341,0,0,0.140226162,0,0,0,0,0,0,0,0,0,0,0,0,0,0,0,0,0,0,0,0,0,0,0,0,0.8140256,0,0,0,0,0,0,0,0,0,0,0,0,0,0,0,0,0,0,0,0,0,0,0,0,0,0,0,0,0,0,0.17619596,0,0,0,0,0,0,0,0,0,0,0,0,0,0,0,0,0,0.281606486,0,0,0,0,0,0,0,0,0,0,0,0,0,0,0,0,0,0,0,0,0
KOS-09,Northwest Corner,Buoy-39,Outer,5.353099874,162.9470447,0,0,0,0,0,0,0,0,0,0,0,0,0,0,0,0,0,0,0,0,0,0,0,0,0,0,0,0,0,0,0,0,0,0,0,0.664095363,0,0,0,1.020681579,0,0,0,0,0,0,0,0,0,0,0,0,0,0,0,0,0,0,0,0,0,0,0,0.726893997,0,0,0,0,0,0,0.261915251,0.265202522,0,0,0,0,0,0,0,0,0,0,0,0,0,0,1.73687475,0,0,0,0,0,0,0,0,0,0,0,0,0,0,0,0,0,0,0,0,0,0,0,0,0,1.391947372,0,0,0.356350255,0,1.125836285,0,0,0,0.586710737,0,0,0,0,0,0,0,0,0,0,0,0,0,0,0,0
KOS-09,Northwest Corner,Buoy-39,Outer,5.353099874,162.9470447,0,0,0,0,0,0,0,0,0,0,0,0,0,0.247579592,0,0,0,0,0,0,0,0,0,0,0,0,0,0,0,0,0,0,0,0,0,0,0,0,0,1.245496363,0,0,0,0,0,0,0,0,0,0,0,0,0,0,0,0,0,0,0,0,0,0,0,0,0,0,0,0.457220274,0,0,0.72330512,0,0,0,0,0,0.317832024,0,0,0,0.98163347,0,0,0,0,0,2.19852975,0,0,0,0,0,0,0.355332285,0,0,0,0,0,0,0,0,0,0,0,0,0,0,0,0,0,0,0.687424315,0,0,0,0,0.621565432,0,0,0,0,0,0,0,0,0,0,0,0,0,0,0,0,0,0,0,0
KOS-09,Northwest Corner,Buoy-39,Outer,5.353099874,162.9470447,0,0,0,0,0,0,0,0,0,0,0,0,0,0,0,0,0,0,0,0,0,0,0,0,0,0,0,0,0,0,0,0,0,0,0,0,0,0,0,0,0,0,0.140226162,0,0,0,0.226084442,0,0,0,0,0,0,0,0,0,0,0,0,0,0,0,0,0,0,0,0,1.338502923,0,0,0.410870276,0,0,0,0,0,0,0,0,0,0,0,0,0,0,0,0.480345417,0,0,0,0,0,0,0,0,0,0,0,0,0,0,0,0,0,2.318595106,0,0,0,0.153082523,0,0,0,0.907838811,0,0,0,0.614824354,0,0,0,0,0,0,0,0,0,0,0,0,0,0,0,0,0,0,0,0,0
KOS-09,Northwest Corner,Buoy-39,Outer,5.353099874,162.9470447,0,0,0,0,0,0,0.396122906,0,0,0,0,0,0,0,0,0,0,0,0,0,0,0,0,0,0,0,0,0,0,0,0,0,0,0,0,0,0,0,4.620896651,1.234434189,0,0,0.247645551,0,0,0,0,0,0,0,0,0,0,0,0,0,0,0,0.657298821,0,0,0.228763638,0,0,0,0,0,0.970962045,0.22916715,0,0,1.002079796,0,0,0,0,0,0,0,0,0,0,0,0,0,0,0.895587394,0,0,0,0,0,0,0,0,0,0,0,0,0,0,0,0,0,0,0,0,0,0,0,0,0,0,0,0,0,0,0,0,0,0,0,0,0,0,0,0,0,0,0,0,0,0,0,0,0,0,0
KOS-09,Northwest Corner,Buoy-39,Outer,5.353099874,162.9470447,0,0,0,0,0,0,0,0,0,0,0,0,0,0,0,0,0,0,0,0,0,0,0,0,0,0,0,0,0.302076,0,0,0,0,0,0,0,0,0,0,0.647884622,0,0,0.5323545,0,0,0,0,0,0,0,0,0,0,0,0,0,0,0,0,0,0,0.520412568,0,0,0,0,0,1.080219705,0,0,0.315221872,0,0,0,0,0,0,0,0,0,0,0,0,0,0,0,0,0,0,0,0,0,0,0,0.477018939,0.171234744,0,0,0,0,0,0,0,0,0,0,0,0,0,0,0,0,0,0,0,0,0,0,0,0,0,0,0,0,0,0,0,0,0,0,0,0,0,0,0,0,0,0
KOS-09,Northwest Corner,Buoy-39,Outer,5.353099874,162.9470447,0,0,0,0,0,0,0.358167028,0,0,0,0,0.556312123,0,0,0,0,0,0,0,0,0,0,0,0,0,0,0,0,0,0,0,0,0,0,0,0,0,0,0,0,0,0,0,0,0,0,0,0,0,0,0,0,0,0,0,0,0,0,0,0,0,0,0,0,0,0,0,0.32473007,0,0,0.218346275,0,0,0,0,0,0.800851492,0,0,0,0,0,0,0,0,0,0.576504865,0,0,0,0,0,0,0,0,0,0,0,0,0,0,0,0,0,0,0,0,0,0,0,0,0.317341246,0,0,0,0.398407169,0,0.706567434,0,0,0,0,0,0,0,0,0,0,0,0,0,0,0,0,0,0,0,0
KOS-09,Northwest Corner,Buoy-39,Outer,5.353099874,162.9470447,0,0,0,0,0,0,0,0,0,0,0,0,0,0.247579592,0,0,0,0,0,0,0,0,0,0,0,0,0,0,0,0,0,0,0,0,0,0,0,0,0,0,0,0,0.412896808,0,0,0,0.153029893,0,0,0,0,0,0,0,0,0,0,0.524163467,0,0,0,0,0,0,0,0,0,1.999518859,0,0,0.410870276,0,0,0,0,0,0,0,0,0,0,0,0,0,0,0,0,0,0,0,0,0,0,0,0,0,0,0,0,0,0,0,0,0,0,0,0,0,0,0,0,0,0,0,0,0,0.281606486,0.125939004,0,0,0,0,0,0,0,0,0,0,0,0,0,0,0,0,0,0,0,0
KOS-10,Southeast,Buoy-8,Outer,5.28504428,163.0289405,0,0,0,0.10094677,0,0.309026342,0,0,0,0,0,0,0,0,0,0,0,0,0,0,0,0,0,0,0,0,0,0,0,0,0,0,0,0,0,0,0,0,0,0.469460979,0,0,0.412896808,0,0,0,0,0,0,0,0,0,0,0,0,0,0,0,0,0,0,0,0,0,0,0,0,0.080262225,0,0,0,0,0,0,0,0,0,0,0,0,0,0,0,0,0,0,0,0,0,0,0,0,0,0,0,0,0,0,0,0,0,0,0,0,0,0,0,0,0,0,0,0,0,0,0,0,0.442228474,0,0,0,0,0,0,0.24801808,0,0,0,0,0,0,0,0,0,0,0,0,0,0
KOS-10,Southeast,Buoy-8,Outer,5.28504428,163.0289405,0,0,0,0,0.414202845,0.491127987,0,0,0,0,0,0,0,0,0,0,0,0,0,0,0,0,0,0,0,0,0,0,0,0,0,0,0,0,0,0,0,0,0,0.811932727,0,0,0.572466622,0,0,0,0,0,0,0,0,0,0,0,0,0,0,0,0,0,0,0,0,0,0,0,0,0,0,0,0,0,0,0,0,0,0,0,0,0.39148059,0,0,0,0,0,0,0.321482264,0,0,0,0,0,0,0,0,0,0,0,0,0,0,0,0,0,0,0,0,0,0,0,0,0,0,0,0,0,0.281606486,0,0,0,0.330525724,0,0,0,0,0,0,0,0,0,0,0,0,0,0,0,0,0
KOS-10,Southeast,Buoy-8,Outer,5.28504428,163.0289405,0.220650042,0,0,0,0,0.478399353,0,0,0,0,0,0,0,0,0,0,0,0,0,0,0,0,0,0,0,0,0,0,0,0,0,0,0,0,0,0,0,0,0,0.487329834,0,0,0.898744014,0,0,0,0,0,0,0,0,0,0,0,0,0,0,0.127404105,0.089032393,0,0,0,0,0,0,0,0,0,0,0,0,0,0,0.081836951,0,0,0,0,0,0,0,0,0,0,0,0,0,0,0,0,0,0,0,0,0,0,0,0,0,0,0,0,0,0,0,0,0,0,0,0,0,0,0.181906978,0.07010381,0,0,0.08018804,0.399582815,0,0,0,0,0,0,0,0,0,0,0,0,0,0,0,0,0,0,0,0
KOS-10,Southeast,Buoy-8,Outer,5.28504428,163.0289405,0,0,0,0,0,0,0,0,0,0,0,0,0,0,0,0,0,0,0,0,0,0,0,0,0,0,0,0,0,0,0,0,0,0.433685536,0,0,0,0,0,0.510093134,0,0,0.681790137,0,0,0,0,0,0,0,0,0,0,0,0,0,0,0,0,0,0,0,0,0,0,0,0,0.56965092,0,0,1.561867685,0,0,0,0,0,0,0,0,0,0,0,0,0,0,0,1.00634889,0,0,0,0,0,0,0,0.996926423,0,0,0,0,0,0,0,0,0,0,0,0,0,0,0,0.317341246,0,0.210567139,0.24801808,0,0,0,0,0,0,0,0,0,0,0,0,0,0,0,0,0,0,0,0,0,0,0,0
KOS-10,Southeast,Buoy-8,Outer,5.28504428,163.0289405,0,0,0,0.30284031,0,0.435068439,0,0,0,0,0,0,0,0,0,0,0,0,0,0,0,0,0,0,0,0,0,0,0,0,0,0,0,0,0,0,0,0.287962793,0,0.806220409,0,0,1.280227364,0,0,0,0,0,0,0,0,0,0,0,0,0,0,0,0,0,0,0,0,0,0,0,0,0.173135404,0,0,0,0,0,0,0,0,0,0,0,0,0,0,0,0,0,0,0.237657561,0,0,0,0,0,0,0,0,0,0,0,0,0,0,0,0,0,0,0,0,0,0,0,0,0,0,0,0,0,0,0,0,0,0,0,0,0,0,0,0,0,0,0,0,0,0,0,0,0,0,0
KOS-10,Southeast,Buoy-8,Outer,5.28504428,163.0289405,0,0,0,0.221069648,0,0,0,0,0,0,0,0,0,0.280085856,0,0,0,0,0,0,0,0,0,0,0,0,0,0,0,0,0,0,0,0,0,0,0,0.475728867,0,1.059048065,0,0,0.801247829,0,0,0,0,0,0,0,0,0,0,0,0,0,0,0,0,0,0,0,0,0,0,0,0,0.56965092,0,0,1.137394894,0,0,0,0,0,0,0,0,0,0,0,0,0,0,0,0.645432802,0,0,0,0,0,0,0,0,0,0,0,0,0,0,0,0,0,0,0,0,0,0,0,0,0,0.720404231,0,0,0,0,0,0,0,0.455313681,0,0,0,0,0,0,0,0,0,0,0,0,0,0,0,0,0
KOS-10,Southeast,Buoy-8,Outer,5.28504428,163.0289405,0,0,0,0.10094677,0,0.412409598,0,0,0,0,0,0,0,0,0,0,0,0,0,0,0,0,0,0,0,0,0,0,0,0,0,0,0,0.306631669,0,0,0,0,0,0.23484494,0,0,1.760240865,0,0,0,0,0,0,0,0,0,0,0,0,0,0,0,0.072511926,0,0,0,0,0,0,0,0,0.066245102,0,0,0,0,0,0.098615943,0,0,0,0,0,0,0,0,0,0,0,0,0.98941288,0,0,0,0,0,0,0,0,0,0,0,0,0,0,0,0,0,0,0,0,0,0,0,0,0,0,0,0,0,0,0,0,0,0,0,0,0,0,0,0,0,0,0,0,0,0,0,0,0,0,0
KOS-10,Southeast,Buoy-8,Outer,5.28504428,163.0289405,0,0,0,0,0,0.323596244,0,0,0,0,0,0,0,0,0,0,0,0,0,0,0,0,0,0,0,0,0,0,0,0,0,0,0,0.345717999,0,0,0,0,0,0.57895628,0,0,0.589204598,0,0,0,0,0,0,0,0,0,0,0,0,0,0,0,0,0,0,0,0,0,0,0,0,0.497645851,0,0,0.776426808,0,0,0,0,0,0,0,0,0,0,0,0,0,0,0,1.043246863,0,0,0,0,0,0,0,0,0,0,0,0,0,0,0,0,0,0,0,0,0,0,0,0.543984201,0,0.154835392,0.24801808,0,0,0.137025294,0,0,0,0.383015057,0,0,0,0,0,0,0,0,0,0,0,0,0,0,0,0,0
KOS-10,Southeast,Buoy-8,Outer,5.28504428,163.0289405,0,0,0,0.083819667,0,0.139147992,0,0,0,0,0,0,0,0,0,0,0,0,0,0,0,0,0,0,0,0,0,0,0,0,0,0,0,0.07829275,0,0,0,0,0,1.405093094,0,0,0.368072834,0,0,0,0,0,0,0,0,0,0,0,0,0,0,0,0,0,0,0,0,0,0,0,0,0,0,0,0,0,0,0,0,0,0,0,0,0,0,0,0,0,0,0,1.578683396,0,0,0,0,0,0,0,0,0,0,0,0,0,0,0,0,0,0,0,0,0,0,0,0,0,0,0,0,0,0.828159059,0,0,0,0,0,0,0,0,0,0,0,0,0,0,0,0,0,0,0,0,0
KOS-10,Southeast,Buoy-8,Outer,5.28504428,163.0289405,0,0,0,0,0,0,0,0,0,0,0,0,0,0,0,0,0,0,0,0,0,0,0,0,0,0,0,0,0,0,0,0,0,0,0,0,0,0,0,0.716791617,0,0,0.63774379,0,0,0,0,0,0,0,0,0,0,0,0,0,0,0,0,0,0,0,0,0,0,0,0,0,0,0,0,0,0,0,0,0,0,0,0,0,0,0,0,0,0,0,0.608534829,0,0,0,0,0,0,0,0,0,0,0,0.239508972,0,0,0,0,0,0,0,0,0,0,0,0,0,0,0,0,0,1.116817374,0,0,0,0.496119952,0,0,0,0,0,0,0,0,0,0,0,0,0,0,0,0,0
KOS-10,Southeast,Buoy-8,Outer,5.28504428,163.0289405,0,0,0,0.322016418,0,0.139147992,0,0,0,0,0,0,0,0,0,0,0,0,0,0,0,0,0,0,0,0,0,0,0,0,0,0,0,0,0,0,0,0,0,0.653427663,0,0,0.822016299,0,0,0,0,0,0,0,0,0,0,0,0,0,0,0.637020525,0.629154225,0,0,0,0,0,0,0,0,0,0,0,0,0,0,0,0,0,0,0,0,0,0,0,0,0,0,0,0.613402838,0,0,0,0,0,0,0,0,0,0,0,0,0,0,0,0,0,0,0,0,0,0,0,0,0,0,0,0,0,0.800824917,0,0,0,0,0,0,0.412099923,0,0,0,0,0,0,0,0,0,0,0,0,0,0
KOS-10,Southeast,Buoy-8,Outer,5.28504428,163.0289405,0,0,0,0,0,0,0,0,0,0,0,0,0,0,0,0,0,0,0,0,0,0,0,0,0,0,0,0,0,0,0,0,0,0,0,0,0,0,0,0.757355531,0,0,0.63774379,0,0,0,0,0,0,0,0,0,0,0,0,0,0,0,0,0,0,0,0,0,0,0,0,0,0,0,0.136729404,0,0,0,0,0,0,0,0,0,0,0,0,0,0,0,0.933412263,2.211133822,0,0,0,0,0,0,0.171234744,0,0,0,0,0,0,0,0,0,0,0,0,0,0,0,0,0,0,0.543984201,0,0,0,0,0,0,1.330826859,0,0,0.356350255,0,0,0,0,0,0,0,0,0,0,0,0,0,0
KOS-10,Southeast,Buoy-8,Outer,5.28504428,163.0289405,0,0,0,0.480491512,0,0.278295984,0,0,0,0,0,0,0,0,0,0,0,0,0,0,0,0,0,0,0,0,0,0,0,0,0,0,0,0,0,0,0,0,0,0.467227955,0,0,0.651693049,0,0,0,0,0,0,0,0,0,0,0,0,0,0,0.440393056,0,0,0,0,0,0,0,0,0,0,0,0,0.059144638,0,0,0.162040704,0,0,0,0,0,0,0,0,0,0,0,0,0,0,0,0,0,0,0,0,0,0,0,0,0,0,0,0,0,0,0,0,0,0,0,0,0,0,0,0,0,0,0.475637039,0,0,0,0,0,0,0.49603616,0,0,0,0,0,0,0,0,0,0,0,0,0,0
KOS-10,Southeast,Buoy-8,Outer,5.28504428,163.0289405,0,0,0,0,0,0.546234084,0,0,0,0,0,0.44594308,0,0,0,0,0,0,0,0,0,0,0,0,0,0,0,0,0,0,0,0,0,0,0,0,0,0,0,0.860988636,0,0,0.986418907,0,0,0,0,0,0,0,0,0,0,0,0,0,0,0,0,0,0,0,0,0,0,0,0,0.56965092,0,0,0,0,0,0,0,0,0,0,0,0,0,0,0,0,0,0,2.718440533,2.211133822,0,0,0,0,0,0,0,0,0,0,0,0,0,0,0,0,0,0,0,0,0,0,0,0,0.45276964,0,0,0,0,0,0.1642076,0,0.462449695,0,0,0,0,0,0,0,0,0,0,0,0,0,0,0,0,0
KOS-10,Southeast,Buoy-8,Outer,5.28504428,163.0289405,0,0,0,0.525364962,0,0.23191332,0,0,0,0,0,0,0,0,0,0,0,0,0,0,0,0,0,0,0,0,0,0,0,0,0,0,0,0.024885063,0,0,0,0,0,0.391096412,0,0,0.511466887,0,0,0,0,0,0,0,0,0,0,0,0,0,0,0.223936732,0,0,0.051845279,0,0,0,0,0,0,0,0,0,0,0,0,0,0,0,0.356870379,0,0,0,0,0,0,0,0,0,0.197882576,0,0,0,0,0,0,0,0,0,0,0,0,0,0,0,0,0,0,0,0,0,0,0,0,0,0,0.164081843,0,0,1.577046459,0,0,0,0,0,0,0,0,0,0,0,0,0,0,0,0,0,0,0,0,0
KOS-10,Southeast,Buoy-8,Outer,5.28504428,163.0289405,0,0,0,0.120122878,0,0,0,0,0,0,0,0,0,0,0,0,0,0,0,0,0,0,0,0,0,0,0,0,0,0,0,0,0,0,0,0,0,0,0,0.3973643,0,0,0.502603599,0,0,0,0,0,0,0,0,0,0,0,0,0,0,0,0,0,0,0,0,0,0,0,0,0,0,0,0,0,0,3.491700102,0,0,0,0,0,0,0,0,0,0,0,0,1.192739237,2.807935761,0,0,0,0,0,0,0,0,0,0,0,0,0,0,0,0,0,0,0,0,0,0,0,0,0,0,0,0,0.403753273,0,0,0,0.088067007,0,0,0,0,0,0,0,0,0,0,0,0,0,0,0,0,0
KOS-10,Southeast,Buoy-8,Outer,5.28504428,163.0289405,0.434045415,0,0,0.442139296,0,0.235565152,0,0,0,0,0,0,0,0,0,0,0,0,0,0,0,0,0,0,0,0,0,0,0,0,0,0,0,0.154942042,0,0,0,0,0,0,0,0,0.835965558,0,0,0,0,0,0,0,0,0,0,0,0,0,0,0.671810196,0.94164987,0,0,0,0,0,0,0,0,0.155855299,0,0,0.136729404,0,0,0,0,0,0,0,0,0,0,0,0,0,0,0,0,0,0,0,0,0,0,0,0,0,0,0,0,0,0,0,0,0,0,0,0,0,0,0,0,0,0,0.234185653,0,0,0,0,0.119619086,0,0,0,0,0,2.37702582,0,0,0,0,0,0,0,0,0,0,0,0,0
KOS-10,Southeast,Buoy-8,Outer,5.28504428,163.0289405,0,0,0,0,0,0,0,0,0,0,0,0,0,0,0,0,0,0,0,0,0.360594101,0,0,0,0,0,0,0,0,0,0,0,0,0,0,0,0.124690131,0,0,1.454430134,0,0,0,0,0,0,0,0,0,0,0,0,0,0,0,0,0,0.434629644,0,0,0,0,0,0,0,0,0,0.16052445,0,0,0.1005936,0,0,0,0,0,0,0,0,0,0,0,0,0,0,0,1.688679665,0,0,0,0,0,0,0,0,0,0,0,0,0,0,0,0,0,0,0,0,0,0,0,0.987608165,0,0,0,0,0,0.403753273,0,0.664424614,0,1.653818432,0,0,0,0,0,0,0,0,0,0,0,0,0,0,0,0,0
KOS-10,Southeast,Buoy-8,Outer,5.28504428,163.0289405,0,0,0,0.30284031,0,0.139147992,0,0,0,0,0,0,0,0,0,0,0,0,0,0,0,0,0,0,0,0,0.259933875,0,0.058181133,0,0,0,0,0.207390806,0,0,0,0,0,0.653858908,0,0,0.734545549,0,0,0,0,0,0,0,0,0,0,0,0,0,0,0,0.880233521,0,0,0,0,0,0,0,0,0.180622171,0,0,0,0,0,0,0,0,0,0,0,0,0,0,0,0,0,0,0.754145389,0,0,0,0,0,0,0,0,0,0,0,0,0,0,0,0,0,0,0,0,0,0,0,0,0,0,0,0,0,0.186753599,0,0,0,0,0,0,0,3.67987956,0,0,0,0,0,0,0,0,0,0,0,0,0
KOS-10,Southeast,Buoy-8,Outer,5.28504428,163.0289405,0,0,0,0,0,0,0,0,0,0,0,0,0,0,0,0,0,0,0,0,0,0,0,0,0,0,0,0,0,0,0,0,0,0,0,0,0,0,0,0.70017188,0,0,0,0,0,0,0,0,0,0,0,0,0,0,0,0,0,0.355023788,0,0,0,0,0,0,0,0,0,0,0,0,0.360968086,0,0,0,0,0,0,0,0,0,0,0,0,0,0,0,0.679862501,0,0,0,0,0,0,0,0.230754933,0,0,0,0,0,0,0,0,0,0,0,0,0,0,0,0,0,0.358460637,0.281267976,0,0,0,0.27190713,0.239238172,0,1.15414589,0,0,0,0,0,0,0,0,0,0,0,0,0,0,0,0,0
KOS-10,Southeast,Buoy-8,Outer,5.28504428,163.0289405,0.434045415,0,0,0.20189354,0,0.813957321,0,0,0,0,0,0,0,0,0,0,0,0,0,0,0,0,0,0,0,0,0,0,0,0,0,0,0,0,0,0,0,0,0,0.437671352,0,0,0.919716627,0,0,0,0,0,0,0,0,0,0,0,0,0,0,0.671810196,0.145023852,0,0,0,0,0,0,0,0,0.066245102,0,0,0,0,0,0,0,0,0,0,0,0,0,0,0,0,0,0,0.197882576,0,0,0,0,0,0,0,0,0,0,0,0,0,0,0,0,0,0,0,0,0,0,0,0,0,0,0.164081843,0,0,0,0,0,0,0.403261686,0,0,0,0.30665663,0,0,0,0,0,0,0,0,0,0,0,0,0
KOS-10,Southeast,Buoy-8,Outer,5.28504428,163.0289405,0,0,0,0,0,0,0,0,0,0,0,0,0,0,0,0,0,0,0,0,0.374571435,0,0,0,0.689590546,0,0,0,0,0,0,0,0,0,0,0,1.734871923,0.409781249,0.487342192,0,0,0,0,0,0,0,0,0,0,0,0,0,0,0,0,0,0,0,0,0,0,0,0,0,0,0,0,0,0,0,0.474646008,0,0,0,0,0,0,0,0,0,0,0,0,0,0,0,2.798317652,0,0,0,0,0,0,0,0,0.833393809,0,0,0,0,0,0,0,0,0,0,0,0,0,0,0,0,0.856576799,0,0,0,0,0,0,0,2.669017416,0,0,0,0,0,0,0,0,0,0,0,0,0,0,0,0,0
KOS-10,Southeast,Buoy-8,Outer,5.28504428,163.0289405,0,0,0,0.407385089,0,0.454969848,0,0,0,0,0,0.203832047,0,0,0,0,0,0,0,0,0,0,0,0,0,0,0,0,0,0,0,0,0,0.176518843,0,0,0,0,0,0.306620177,0,0,0.898744014,0,0,0,0,0,0,0,0,0,0,0,0,0,0,0.996494682,0.869640528,0,0,0,0,0,0,0,0,0.258484968,0,0,0.360968086,0,0,0.375862216,0,0,0,0,0,0,0,0,0,0,0,0,0,0,0,0,0,0,0,0,0,0,0,0,0,0,0,0,0,0,0,0,0,0,0,0,0,0,0,0,0,0,0,0,0,0,0.330525724,0,0,0,0,0,0,0,0,0,0,0,0,0,0,0,0,0
KOS-10,Southeast,Buoy-8,Outer,5.28504428,163.0289405,0,0,0,0,0.580805124,0.508719417,0,0,0,0,0,0,0,0,0,0,0,0,0,0,0,0,0,0,0,0,0,0,0,0,0,0,0,0,0,0,0,0,0,1.179663911,0,0,0.801247829,0,0,0,0,0,0,0,0,0,0,0,0,0,0,0.624021237,0,0,0,0,0,0,0,0,0,0.940882091,0,0,1.841404563,0,0,0,0,0,0,0,0,0,0,0,0,0,0,0,1.83387086,0,0,0,0,0,0,0,0,0,0,0,0,0,0,0,0,0,0,0,0,0,0,0,0.543984201,0,2.564953116,0.356350255,0,0,0.359798974,0,0,0,0,0,0,0,0,0,0,0,0.274082477,0,0,0,0,0,0,0,0,0
KOS-11,Northwest,Buoy-TS,Outer,5.343479535,162.946761,0,0,0,0,0,0,0,0,0,0,0,0,0,0,0,0,0,0,0,0,0,0,0,0,0,0,0,0,0,0,0,0,0,0,0,0,0,0,0,0.403501911,0,0,0.23371027,0,0,0.164579958,0,0,0,0,0,0,0,0,0,0,0,0.318816134,0,0,0,0,0,0,0,0,0,0.080262225,0,0,0,0,0,0,0,0,0,0,0,0,0,0,0,0,0,0,0,0,0,0,0,0,0,0,0,0,0,0,0,0,0,0,0,0,0,0,0,0,0,0,0,0,0,0,0,0,0.900579413,0,0,0,0,0,0,0,0,0,0,0,0,0,0,0,0,0,0,0,0,0
KOS-11,Northwest,Buoy-TS,Outer,5.343479535,162.946761,0,0,0,0,0,0,0,0,0,0,0,0,0,0,0,0,0,0,0,0,0,0,0,0,0,0,0.173086128,0,0,0,0,0,0,0,0,0,0,0,0,1.385917102,0,0,0.448542218,0,0,0,0,0,0,0,0,0,0,0,0,0,0,0,0,0,0,0,0,0,0,0,0,0.336048562,0,0,0,0,0,0,0,0,0.499252738,0,0,0,0,0,0,0,0,0,0.576504865,0,0,0,0,0,0,0,0,0,0,0,0,0,0,0,0,0,0,0,0,0,0,0,0.281267976,0,0.403807159,0,0,0,0.722877754,0,0,0,0,0,0,0,0,0,0,0,0,0,0,0,0,0,0,0,0,0
KOS-11,Northwest,Buoy-TS,Outer,5.343479535,162.946761,0,0,0,0,0,0.131095313,0,0,0,0,0,0,0,0,0,0,0,0,0,0,0,0,0,0,0,0,0,0,0,0,0,0,0,0,0,0,0,0,0,1.192483323,0,0,0.794428618,0,0,0,0,0,0,0,0,0,0,0,0,0,0,0.355023788,0,0,0,0,0,0,0,0,0,0,0,0,0,0,0,0,0,0,0.887962226,0,0,0,0,0,0,0,0,0,0,0,0,0,0,0,0,0,0,0,0,0,0,0,0,0,0,0,0,0,0,0,0,0,0,0,0,0,0,0,0,0,0,0,0,0.249968413,0,0,0,0,0,0,0,0,0,0,0,0,0,0,0,0
KOS-11,Northwest,Buoy-TS,Outer,5.343479535,162.946761,0,0,0,0,0,0.655930925,0,0,0,0,0,0,0,0,0,0,0,0,0,0,0,0,0,0,0,0,0,0,0,0,0,0,0,0,0,0,0,0,0,0.432838397,0,0,0.570576474,0,0,0,0,0,0,0,0,0,0,0,0,0,0,0.636276062,0,0,0,0,0,0,0,0,0,0,0,0,0,0,0,0,0,0,2.498092653,0,0,0,0,0,0,0,0,0,1.109192743,0,0,0,0,0,0,0,0,0,0,0,0,0,0,0,0,0,0,0,0,0,0,0,0,0,0,0,0,0,0.468360085,0,0,0,0,0,0,0,0,0,0,0,0,0,0,0,0,0,0,0,0,0
KOS-11,Northwest,Buoy-TS,Outer,5.343479535,162.946761,0,0,0,0,0,0,0,0,0,0,0,0,0,0,0,0,0,0,0,0,0,0,0,0,0,0,0,0,0,0,0,0,0.226201469,0,28.52791722,0,0,0,1.121848227,1.554558715,0,0,0.915962758,0,0,0,0,0,0,0,0,0,0,0,0,0,0,0,0,0,0,0,0,0,0,0,0,0.416369909,0,0,0,0,0,0,0,0,3.302469902,0,0,0,0,0,0,0,0,0,2.511957564,0,0,0,0,0,0,0.712663398,0,0,0,0,0.727196194,0,0,0,0,0,0,0,0,0,0,0,0,0,0,0,0,0,0.905746293,0,0,0,0,0,0,0,0,0,0,0,0,0,0,0,0,0,0,0,0,0
KOS-11,Northwest,Buoy-TS,Outer,5.343479535,162.946761,0,0,0,0,0,0,0,0,0,0,0,0,0,0,0,0,0,0,0,0,0,0,0,0,0,0,0,0,0,0,0,0,0,0,0,0,0,0,0,0.253598526,0,0,0.41001806,0,0,0,0,0,0,0,0,0,0,0,0,0,0,0,0,0,0,0,0,1.56199723,0,0,0,0,0,0,0,0,0,0,0,0,4.191010033,0,0,0,0,0,0,0,0,0,0,2.317322203,0,0,0,0,0,0,0,0,0,0,0,0,0,0,0,0,0,0,0,0,0,0,0,0,0,0,0,0,0,0,0,0,0,0,0,0,0,0,0,0,0,0,0,0,0,0,0,0,0,0
KOS-11,Northwest,Buoy-TS,Outer,5.343479535,162.946761,0,0,0,0,0,0.298278854,0,0,0,0.058891288,0,0,0,0,0,0,0,1.116202568,0,0,0,0,0,0,0,0,0,0,0,0,0,0,0,0,0,0,0,0,0,0.209258838,0,0,0.280452324,0,0,0.670890522,0,0,0,0,0,0,0,0,0,0,0,0.148501321,0,0,0,0,0,0,0,0,0,0,0,0,0,0,0,0,0,0,0,0,0,0,0,0,0,0,0,0,0.38518524,0,0,0,0,0,0,0,0,0,0,0,0,0,0,0,0,0,0,0.050075751,0,0,0,0,0,0,0,0,0,0,0.213281229,0,0,0,0,0,0,0,0,0,0,0,0,0,0,0,0,0,0,0,0,0
KOS-11,Northwest,Buoy-TS,Outer,5.343479535,162.946761,0,0,0,0,0,0,0,0,0,0,0,0,0,0,0,0,0,0,0,0,0,0,0,0,0,0,0,0,0,0,0,0,0,0,0,0.664095363,0,0,0,0.795159845,0,0,0.757201482,0,0,0,0,0,0,0,0,0,0,0,0,0,0,0.958793111,0,0.980776324,0,0,3.773122876,0,0,0,0,0.362785281,0,0,0,0,0,0,0,0,2.803886977,0,0,0,0,0,0,0,0,0,3.339603216,0,0,0,0,0,0,0,0,0,0,0,0,0,0,0,0,0,0,0,0,0,0,0,0.317341246,0,0,0,0,0,0,0,0,0,0,1.177638363,0,0,0,0,0,0,0,0,0,0,0,0,0,0,0,0
KOS-11,Northwest,Buoy-TS,Outer,5.343479535,162.946761,0,0,0,0,0,0.90248139,0,0,0,0,0,0,0,0,0,0,0,0,0,0,0,0,0,0,0,0,0,0,0,0,0,0,0.36935339,0,0,0,0,0,0,0,0,0,0.74948994,0,0,0,0,0,0,0,0,0,0,0,0,0,0,0,0,0,0,0,1.823789953,0,0,0,0,0,0,0,0,0,0,0,0,0,0.953496072,0,0,0,0,0,0,0,0,0,0,0,0,0,0,0,0,0,0,0,0,0,0,0.21296,0,0,0,0,0,0,0,0,0,0,0,0,0,0,0,0,0.50199302,0,0,0,0,0,0,0,0,0,0,0,0,0,0,0,0,0,0,0,0,0
KOS-11,Northwest,Buoy-TS,Outer,5.343479535,162.946761,0,0,0,0,0,0.182868903,0,0,0,0.046382664,0,0,0,0,0,0,0,0,0,0,0,0,0,0,0,0,0,0,0,0,0,0,0,0,0,0,0,0,0,0.971753535,0,0,0.327194378,0,0,0,0,0,0,0,0,0,0,0,0,0,0,0,0,0,0,0,0,0,0,0,0,0,0,0,0,0,0,0,0,0,0.356870379,0,0,0,0,0,0,0,0,0,0.237657561,0,0,0,0,0,0,0,0.069587886,0,0,0,0.069753865,0.03652264,0,0,0,0,0,0,0,0,0,0,0,0,0,0,0,0,0.281606486,0,0,0,0,0,0,0,0,0,0,0,0,0,0,0,0,0,0,0,0,0
KOS-11,Northwest,Buoy-TS,Outer,5.343479535,162.946761,0,0,0,0,0.212877866,0,0,0,0,0,0,0,0,0,0,0,0,0,0,0,0,0,0,0,0,0,0.570030108,0,0,0,0,0,0,0,0,0.768408323,0,0,0,0.985822001,0,0,1.214606988,0,0,0.833433451,0,0,0,0,0,0,0,0,0,0,0,3.063238787,0,0,0,0,0,1.40356629,0,0,0,0,0,0,0,0,0,0,0,0,0,0,0,0,0,0,0,0,0,0,2.728459923,0,0,0,0,0,0,0,0,0,0,0,0,0,0,0,0,0,0,0,0,0,0,0,0,0,0,0,0,0,0.953103403,0,0,0,0,0,0,0,0,0,0,0,0,0,0,0,0,0,0,0,0,0
KOS-11,Northwest,Buoy-TS,Outer,5.343479535,162.946761,0,0,0,0,0,1.10191785,0,0,0,0.322992298,0,0,0,0,0,0,0,0,0,0,0,0,0.702241656,0,0,0,0,0,0,0,0,0,0,0,0,0,0,0,0,1.26799263,0,0,0.370342156,0,0,0,0,0,0,0,0,0,0,0,0,0,0,0.869259288,0,0,0,0,0,0,0,0,0,0,0,0,0,0,0,0,0,0,0.953496072,0,0,0,0,0,0,0,0,0,3.060271212,0,0,0,0,0,0,0,0,0,0,0,0,0,0,0,0,0,0,0,0,0,0,0,0.932494008,0,0,0,0,0,0,0,0,0,0,0,0,0,0,0,0,0,0,0,0,0,0,0,0,0,0,0
KOS-11,Northwest,Buoy-TS,Outer,5.343479535,162.946761,0,0,0,0,0,0.092765328,0,0,0,0.090248139,0,0,0,0,0,0,0,0,0,0,0,0,0,0,0,0,0,0,0,0,0,0,0,0,0,0,0,0,0,0.484947583,0,0,0.717773345,0,0,0.220753608,0,0,0,0,0,0,0,0,0,0,0,0,0,0,0,0,0,0,0,0,0,0,0,0,0,0,0,0,0,0,0,0,0,0,0,0,0,0,0,0,0,0,0,0,0,0,0,0,0,0,0,0,0,0,0,0,0,0,0,0,0,0,0,0,0,0,0,0,0,0,0,0,0,0,0,0,0,0.164081843,0,0,0,0,0,0,0,0,0,0,0,0,0,0
KOS-11,Northwest,Buoy-TS,Outer,5.343479535,162.946761,0,0,0,0,0,0,0,0,0,0,0,0,0,0,0,0,0,0,0,0,0,0,0,0,0,0,0,0,0,0,0,0,0,0.82374427,0,0.664095363,0,0,0,1.913800587,0,0,0.562794796,0,0,0,0,0,0,0,0,0,0,0,0,0,0,0,0,0,0,0,0,0,0,0,0.441959589,1.115203752,1.620830258,0,0,0,0,0,0,0,2.521505043,0,0,0,0,0,0,0,0,0,4.342753238,0,0,0,0,0,0,0,0,0,0,0,0,0,0,0,0,0,0,0,0,0,0,0,0,0,0,0,0,0,0.403753273,0,0,0,0,0,0,0,0,0,0,0,0,0,0,0,0,0,0,0,0,0
KOS-11,Northwest,Buoy-TS,Outer,5.343479535,162.946761,0,0,0,0,0,0,0,0,0,0,0,0,0,0,0,0,0,0,0,0,0,0,0,0,0,0,0,0,0,0,0,0,0,0,0,0,0,0,0,0.167346947,0,0,0.591515562,0,0,0,0,0,0,0,0,0,0,0,0,0,0,0.284935225,0,0,0,0,0,0,0,0,0,0,0,0,0,0,0,0,0,0,0,0,0,0,0,0,0,0,0,0,0.966117167,0,0,0,0,0,0,0,0,0,0,0,0,0,0,0,0,0,1.306413318,0,0,0,0,0,0,0,0,0,0,0,0,0,0,0,0,0,0,0,0,0,0,0,0,0,0,0,0,0,0,0,0,0
KOS-11,Northwest,Buoy-TS,Outer,5.343479535,162.946761,0,0,0,0,0,0,0,0,0,0.07346119,0,0,0,0,0,0,0,0,0,0,0,0,0,0,0,0,0,0,0,0,0,0,0.197451418,0,0,0,0,0,0,0.509400322,0,0,0.093484108,0,0,0,0,0,0,0,0,0,0,0,0,0,0,0.787222046,0,0,0,0,0,0,0,0,0,0,0,0,0,0,0,0,0,0,0,0,0,0,0,0,0,0,0,0,0.395765152,0,0,0,0,0,0,0,0,0,0,0,0,0,0,0,0.443302386,0,0,0,0,0,0,0,0,0,0,0,0,0,0.605385379,0,0,0,0,0,0,0,0,0,0,0,0,0,0,0,0,0,0,0,0,0
KOS-11,Northwest,Buoy-TS,Outer,5.343479535,162.946761,0,0,0,0,0,0,0,0,0,0,0,0,0,0,0,0,0,0,0,0,0,0,0,0,0,0,0,0,0,0,0,0,0,0,0,0,0,0,0,1.647830224,0,0,0.682252488,0,0,0,0,0,0,0,0,0,0,0,0,0.503476079,0,0,0,0,0,0,2.688624049,1.594664269,0,0,0,0,4.415951985,0,0.890527582,0,0,0,0,0,0,0,0,0,0,0,0,0,0,0,4.385216986,0,0,0,0,0,0,0,0,0,0,0,0,0,0,0,0,0,1.55476375,0,0,0,0,0,0,0,0,0,0,0,1.39842386,0,0,0,0,0,0,0.317341246,0,0,0,0,0,0,0,0,0,0,0,0,0,0
KOS-11,Northwest,Buoy-TS,Outer,5.343479535,162.946761,0,0,0,0,0,0,0,0,0,0,0,0,0,0,0,0,0,0,0,0,0,0,0,0,0,0,0,0,0,0,0,0,0,0,0,0,0,0,0,0,0,0,2.82055875,0,0,0,0,0,0,0,0,0,0,0,0,0,0,0.284935225,0,0,0,0,0,0,0,0,0,0,0,0,0,0,0,0,0,0,0.543797509,0,0,0,0,0,0,0,0,0,0.395765152,0,0,0,0,0,0,0,0,0,0,0,0,0,0,0,0,0,0,0,0,0,0,0,0,0,0,0,0,0,0,0,0,0,0,0.327766479,0,0,0,0,0,0,0,0,0,0,0,0,0,0,0,0
KOS-11,Northwest,Buoy-TS,Outer,5.343479535,162.946761,0,0,0,0,0,0,0,0,0,0,0,0,0,0,0,0,0,0,0,0,0,0,0,0,0,0,0,0,0,0,0,0,0.197451418,0,0,0,0,0,0,0.487294063,0,0,0.280452324,0,0,0.082755563,0,0,0,0,0,0,0,0,0,0,0,0,0,0,0,0,0,0,0,0,0,0.053956422,0,0,0,0,0,0,0,0,0,0,0,0,0,0,0,0,0,0,0.25679016,0,0,0,0,0,0,0,0.205922178,0,0,0,0,0,0,0,0,0,0,0,0,0,0,0,0,0,0,0,0,0,0.754627126,0,0,0,0,0,0,0,0,0,0,0,0,0,0,0,0,0,0,0,0,0
KOS-11,Northwest,Buoy-TS,Outer,5.343479535,162.946761,0,0,0,0,0,0,0,0,0,0,0,0,0,0,0,0,0,0,0,0,0,0,0,0,0,0,0,0,0,0,0,0,0,0,28.52791722,0,0,0,0,1.099248975,0,0,0.409581842,0,0,0,0,0,0,0,0,0,0,0,0,0,0,0,0,0,0,0,0,4.720273839,0,0,0,0,2.450127391,0,0,0,0,0,0,0,4.398092898,0,0,0,0,0,0,0,0,0,4.895262188,0,0,0,0,0,0,0,0,0,0,0,0,0,0,0,0,0,1.834677344,0,0,0,0,0,0,0,0,0,0,0,0.403753273,0,0,0,0,0,0,0.356350255,0,0,0,0,0,0,0,0,0,0,0,0,0,0
KOS-11,Northwest,Buoy-TS,Outer,5.343479535,162.946761,0,0,0,0,0,0.07346119,0,0,0,0,0,0,0,0,0,0,0,0,0,0,0,0,0,0,0,0,0,0,0,0,0,0,0,0,0,0,0,0,0,0,0,0,0.37474497,0,0,0,0,0,0,0,0,0,0,0,0,0,0,0,0,0,0,0,0,2.447830169,0,0,0,0,0.571068548,0,0,0,0,0.318285933,0,0,3.550472622,0,0,0,0,0,0,0,0,0,0.723552595,0,0,0,0,0,0,0,0,0,0,0,0,0,0,0,0,0,0,0,0,0,0,0,0,0,0,0,0,0,0,0,0,0,0,0.419756485,0,0,0,0,0,0,0,0,0,0,0,0,0,0,0,0
KOS-11,Northwest,Buoy-TS,Outer,5.343479535,162.946761,0,0,0,0,0,0,0,0,0,0,0,0,0,0,0,0,0,0,0,0,0,0,0,0,0,0,0,0,0,0,0,0,0,0,0,0,0,0,0,0.857226057,0,0,0.23371027,0,0,0,0,0,0,0,0,0,0,0,0,0,0,0.520939374,0,0,0,0,0,0,0,0,0,0,0,0,0,0,0,0,0,0,3.107867791,0,0,0,0,0,0,0,0,0,0,0,0,0,0,0,0,0,0,0,0,0,0,0,0,0,0.696174543,0,0,0,0,0,0,0,0,0,0,0,0.160732027,0,0.907268764,0,0,0,0,0,0,0,0,0,0,0,0,0,0,0,0,0,0,0,0,0
KOS-11,Northwest,Buoy-TS,Outer,5.343479535,162.946761,0,0,0,0,0,0,0,0,0,0,0,0,0,0,0,0,0,0,0,0,0,0,0,0,0,0,0,0,0,0,0,0,0,0,0,0,0,0,0,0.475728867,0,0,0.562794796,0,0,0,0,0,0,0,0,0,0,0,0,0,0,1.148184704,0,0,0,0,0,0,0,0,0,0,0,0,0.706649785,0,0,0,0,0,2.741646882,0,0,0,0,0,0,0,0,0,2.828548245,0,0,0,0,0,0,0,0,0,0,0,0,0,0,0,0,0,1.834677344,0,0,0,0,0,0.356350255,0,0,0.443623964,0,0,0,0,0,0,0,0.586710737,0,0.317341246,0,0,0,0,0,0.424498148,0,0,0,0,0,0,0,0
KOS-11,Northwest,Buoy-TS,Outer,5.343479535,162.946761,0,0,0,0,0,0,0,0,0,0,0,0,0,0,0,0,0,0,0,0,0,0,0,0,0,0,0,0,0,0,0,0,0.291898756,0,0,0,0,0,0,0.11742247,0,0,0.224846982,0,0,0,0,0,0,0,0,0,0,0,0,0,0,0.710047576,0,0,0,0,0,0,0,0,0,0,0,0,0,0,0,0,0,0,0,0,0,0,0,0,0,0,0,0,1.229078707,0,0,0,0,0,0,0,0,0,0,0,0,0,0,0,0,0,0,0,0,0,0,0,0,0,0,0,0,0,0,0,0,0,0,0,0,0,0,0,0,0,0,0,0,0,0,0,0,0,0,0
KOS-11,Northwest,Buoy-TS,Outer,5.343479535,162.946761,0,0,0,0,0,0,0,0,0,0,0,0,0,0.059822458,0,0,0,0,0,0,0,0,0,0,0,0,0,0,0,0,0,0,0,0.064266061,0,0,0,0.222130341,0,0.409808458,0,0,0.280452324,0,0,0,0,0,0,0,0,0,0,0,0,0,0,1.329927937,0,0,0,0,0,0,0.44472432,0,0,0,0,0,0.142755564,0,0,0,0,0,0.248288546,0,0,0,0,0,0,0,0,0,0,0,0,0,0,0,0,0,0,0,0,0,0,0,0,0,0,0,0,0.076135788,0,0,0,0,0,0,0,0,0,0,0.115838065,0,0,0,0,0.249968413,0,0,0,0,0,0,0,0,0,0,0,0,0,0,0,0
KOS-11,Northwest,Buoy-TS,Outer,5.343479535,162.946761,0,0,0,0,0,0,0,0,0,0,0,0,0,1.61175368,0,0,0,0,0,0,0.334076472,0,0,0,0,0,0,0,0,0,0,0,0,0,0,0,0,0,0,0,0,0,0.90709947,0,0,0,0,0,0,0,0,0,0,0,0,0,0,2.317400109,0,0.75162594,0,0,0,0.479440559,0,0,0.250197354,0.886213256,0,0,0,0,0,0,0,0,3.21571544,0,0,0,0,0,0,0,0,0,0.576504865,0,0,0,0,0,0,0,0,0,0,0,0,0,0,0,0,0,0,0,0,0,0,0,0,0,0,0,0,0,0,0,0,0,0,0,0,0,0,0,0,0,0,0,0,0,0,0,0,0,0,0
KOS-11,Northwest,Buoy-TS,Outer,5.343479535,162.946761,0,0,0,0,0,0,0,0,0,0,0,0,0,0,0,0,0,0,0,0,0,0,0,0,0,0,0,0,0,0,0,0,0,0,0,0,0,0,0,0.197760399,0,0,0.674540946,0,0,0,0,0,0,0,0,0,0,0,0,0,0,0,0,0,0,0,0,0,0,0,0,0,0,0,0,0,0,0,0,0,0,0,0,0,0,0,0,0,0,0,0.395765152,0,0,0,0,0,0,0,0,0,0,0,0,0,0,0,0,0,0,0,0,0,0,0,0,0,0,0,0,0,0.403753273,0,0,0,0,0,0,0,0,0,0,0.279737159,0,0,0,0,0,0,0,0,0,0
KOS-11,Northwest,Buoy-TS,Outer,5.343479535,162.946761,0,0,0,0,0,0.046382664,0,0,0,0,0,0,0,0.280085856,0,0,0,0,0,0,0,0,0,0,0,0,0,0,0,0,0,0,0,0,0,0,0,0,0,0.771731211,0,0,0.606748133,0,0,0,0,0,0,0,0,0,0,0,0,0,0,0,0,0,0,0,0,0,0,0,0,0,0,0,0,0,0,0,0,0,0.713740758,0,0,0,0,0,0,0,0,0,0,0,0,0,0,0,0,0,0,0,0,0,0,0,0,0,0,0,0,0,0,0,0,0,0,0,0,0,0,0.434957974,0,0,0,0,0,0.640241059,0,0,0,0,0,0,0,0,0,0,0,0,0,0,0,0
KOS-11,Northwest,Buoy-TS,Outer,5.343479535,162.946761,0,0,0,0,0,0,0,0,0,0,0,0,0,0,0,0,0,0,0,0,0,0,0,0,0,0,0,0,0,0,0,0,0.257642601,0,0,0,0,0,0.326956029,1.346701887,0,0,1.14080974,0,0,0,0,0,0,0,0,0,0,0,0,0,0,0,0,0,0,0,0,1.888405189,0,0,0,0,0,0,0.526165742,0,0,0,0,0,1.438814268,0,0,0,0,0,0,0,0,0,1.550055298,0,0,0,0,0,0,0,0,0,0,0,0,0,0,0,0,0,0,0,0,0,0,0,0,0,0,0,0,0,0,0,0,0,0,0,0,0,0,0,0,0,0,0,0,0,0,0,0,0,0,0
KOS-11,Northwest,Buoy-TS,Outer,5.343479535,162.946761,0,0,0,0,0,0,0,0,0,0,0,0,0,0,0,0,0,0,0,0,0,0,0,0,0,0,0,0,0,0,0,0,0,0,0,0,0,0,0,0,0,0,0.238915384,0,0,0,0,0,0,0,0,0,0,0,0,0,0,0.956260972,0,0,0,0,0,0,0,0,0,0,0,0,0,0,0,0,0,0,0,0,0,0,0,0,0,0,0,0,0.450645632,0,0,0,0,0,0,0,0,0,0,0,0,0,0,0,0,0,0,0,0,0,0,0,0,0,0,0.317341246,0,0,0,0,0,0,0,0,0,0,0,0,0.220647592,0,0,0,0,0,0,0,0,0,0,0
KOS-11,Northwest,Buoy-TS,Outer,5.343479535,162.946761,0,0,0,0,0,0,0,0,0,0,0,0,0,0,0,0,0,0,0,0,0,0,0,0,0,0,0,0,0,0,0,0,0,0,0,0,0,0,0.575272059,0.353607303,0,0,0.280452324,0,0,0.067832949,0,0,0,0,0,0,0,0,0,0,0,0,0,0,0,0,0,0,0,0,0,0,0,0,0,0,0,0,0,0,0.356870379,0,0,0,0,0,0,0,0,0,0.744572631,0,0,0,0,0,0,0,0.069587886,0,0,0,0,0,0,0,0,0,0,0,0,0,0,0,0,0,0,0,0,0,0,0,0,0,0,0.132547019,0,0,0,0,0,0,0,0,0,0,0,0,0,0,0,0
KOS-11,Northwest,Buoy-TS,Outer,5.343479535,162.946761,0,0,0,0,0,0,0,0,0,0,0,0,0,0,0,0,0,0,0,0,0,0,0,0,0,0,0,0,0,0,0,0,0,0,0,0,0,0,0,1.618274765,0,0,1.14080974,0,0,0,0,0,0,0,0,0,0,0,0,0.2954827,0,0,0,0,0,0,0,0,0,0,0,0.684414223,0,0,0,0,0,0,0,0,1.81567776,0,0,0,0,0,0,0,0,0,3.167173372,0,0,0,0,0,0,0,0,0,0,0,0,0,0,0,0,0,3.314973648,0,0,0,0,0,0,0,0,0,0,0,0.722877754,0,0,0,0,0.650619593,0,0,0,0,0,0,0,0,0,0,0,0,0,0,0,0
KOS-11,Northwest,Buoy-TS,Outer,5.343479535,162.946761,0,0,0,0,0,0,0,0,0,0,0,0,0,0,0,0,0,0,0,0,0,0,0,0,0,0,0,0,0,0,0,0,0,0,0,0,0,0,0,0.878042202,0,0,0.37474497,0,0,0,0,0,0,0,0,0,0,0,0,0,0,0.710047576,0,0,0,0,0,0,0,0,0,0,0,0,0,0,0,0,0,0,0,0,0,0,0,0,0,0,0,0,2.232360592,0.952703293,0,0,0,0,0,0,0,0,0,0,0,0,0,0,0,0,0,0,0,0,0,0,1.011160635,0,0,0,0,0,0,0,0,0,0,0,0,0,0,0,0,0,0,0,0.531747786,0,0,0,0,0,0,0
KOS-11,Northwest,Buoy-TS,Outer,5.343479535,162.946761,0,0,0,0,0,0,0,0,0,0,0,0,0,0,0,0,0,0,0,0,0,0,0,0,0,0,0,0,0.031023426,0,0,0,0,0,0,0,0,0,0,0.690470977,0,0,0.465623402,0,0,0,0,0,0,0,0,0,0,0,0,0,0,0,0,0,0,0,0,0,0,0,0,0,0,0,0,0,0,0,0,0,8.535345334,0,0,0,0,0,0,0,0,0,0.391002067,0,0,0,0,0,0,0,0,0,0,0,0,0.08144389,0,0,0,0,0,0,0,0,0,0,0,0,0,0,0,0,0.137025294,0,0,0,0,0.249968413,0,0,0,0,0,0,0,0,0,0,0,0,0,0,0,0
KOS-11,Northwest,Buoy-TS,Outer,5.343479535,162.946761,0,0,0,0,0,0,0,0,0,0,0,0,0,0,0,0,0,0,0,0,0,0,0,0,0,0,0,0,0,0,0,0,0.412801207,0,0,0,0,0.409781249,2.02107705,1.281934109,0,0,0.915962758,0,0,0,0,0,0,0,0,0,0,0,0,0,0,0,0,0,0,0,0,0,0,0,0,0,0,0,0,0,0,0,0,0,1.851952947,0,0,0,0,0,0,0,0,0,2.051205886,0,0,0,0,0,0,0,0,0,0,0,0,0,0,0,0,0,1.306413318,0,0,0,0,0,1.094097861,0,0,0,0,0,0.614824354,0,0.218706182,0,0,0.650619593,0,0,0,0,0,0,0,0,0,0,0,0,0,0,0,0
KOS-11,Northwest,Buoy-TS,Outer,5.343479535,162.946761,0,0,0,0,0,0,0,0,0,0,0,0,0,0,0,0,0,0,0,0,0,0,0,0,0,0,0,0,0,0,0,0,0,0,0,0,0,0.222130341,0,1.013690453,0,0,0.224846982,0,0,0,0,0,0,0,0,0,0,0,0,0,0,0,0,0,0,0,0,0,0,0,0,0,0,0,0,0,0,0,0,0,0.854050275,0,0,0,0,0,0,0,0,0,0,0,0,0,0,0,0,0,0,0,0,0,0.17619596,0,0,0,0,0,0,0,0,0,0,0,0,0,0,0,0,0,0,0,0,0,0,0.471411637,0,0,0,0,0,0,0,0,0,0,0,0,0,0,0,0
KOS-16,North,Buoy 44,Outer,5.37288,162.9846,0,0,0,0,0,0.139147992,0,0,0,0,0,0,0,0,0,0,0,0,0,0,0,0,0,0,0,0,0,0,0,0,0,0,0,0,0,0,0,0,0,0.058711235,0,0,0.186968216,0,0,0,0,0,0,0,0.144422232,0,0,0,0,0,0,0,0,0,0.048219197,0,3.034554374,0,0,0,0,0.086567702,0,0,0,0,0,0,0,0,0.356870379,0,0,0,0,0,0,0,0,0,0,0,0,0,0,0,0,0,0,0,0,0,0,0,0,0,0,0,0,0,0,0,0,0,0,0,0,0,0,0,0.247121367,0,0,0,0,0,0,0,0,0,0,0,0,0,0,0,0,0,0,0,0,0
KOS-16,North,Buoy 44,Outer,5.37288,162.9846,0,0,0,0,0,0.354953095,0,0,0,0,0,0,0,0,0,0,0,0,0,0,0.305364932,0,0,0,0.146427074,0,0.385892536,0,0,0,0,0,0,1.031135076,0,0,0,0,0,1.235374336,0,0,1.999370018,0,0,0,0,0,0,0,0,0,0,5.864784671,0,0,0,0,0,0,0,0,0,0,0,0,5.8525281,3.362585598,1.508551605,0,0,0,0,0,0,0,0.71905809,0,0,0,0,0,0,0,0,0,3.339462728,0,0,0,0,0,0,0,0,0,0,0,0,0,0,0,0,0,0,0,0,0,0,0,0,0,0,0,0,0,0,0,0,0,0,0,0,0,0,0,0,0,0,0,0,0,0,0,0,0,0,0
KOS-16,North,Buoy 44,Outer,5.37288,162.9846,0,0,0,0,0,0,0,0,0,0,0,0,0,0.142701691,0,0,0,0,0,0,0,0,0,0,0,0,0,0,0,0,0,0,0,0,0,0,0,0,0,0.444260682,0,0,0.358373076,0,0,0,0,0,0,0,0.072211116,0,0,0,0,0,0,0,0,0,0,0,0,0,0,0,0,0.36866685,0,0,0,0,0,0,0,0,0,0,0,0,0,0,0,0,0,0,0,0,0,0,0,0,0,0,0,0,0,0,0,0,0,0,0,0,0,0,0,0,0,0,0,0,0,0,0,0,0,0,0,0,0,0,0,0,0,0,0,0,0,0,0,0,0,0,0,0,0,0
KOS-16,North,Buoy 44,Outer,5.37288,162.9846,0,0,0,0,0,0.214676082,0,0,0,0,0,0,0,0,0,0,0,0,0,0,0,0,0,0,0,0,0,0,0.062046852,0,0,0,0,0,0.653916537,0,0,0,0,0.414462285,0,0,0,0,0,0,0,0,0,0,0,0,0,0,0,0,0,0,0,0,0,0,0,0.823053346,0,0,0,0,0,0,0,0,0,0,0,0,0,0,0,0,0,0,0,0,0,0,0.12839508,0,0,0,0,0,0,0,0,0,0,0,0,0,0,0,0,0,0,0,0,0,0,0,0,0,0,0,0,0,0,0,0,0,0,0,0,0.10148991,0,0,0,0,0,0,0,0,0,0,0,0,0,0
KOS-16,North,Buoy 44,Outer,5.37288,162.9846,0,0,0,0,0,0.772619892,0.176120127,0,0,0,0,0,0,0,0,0,0,0,0,0,0,0,0,0,0,0,0.13907317,0,0,0,0,0,0,0.154942042,0,0,0,0,0,1.344866818,0,0,1.496304068,0,0,0,0,0,0,0,0,0,0,0,0,0,0,0,0,0,0,0,0,0.823053346,0,0,0,0,0,0,0,0,0,0,0,0,0,0,0,0,0,0,0,0,0,0,1.217069658,0,0,0,0,0,0,0,0,0,0,0,0,0,0,0,0,0,0,0,0,0,0,0,0,0,0,0,0,0,0,0,0.218706182,0,1.058215756,0,0,0,0,0,0,0,0,0,0,0,0,0,0,0,0,0
KOS-16,North,Buoy 44,Outer,5.37288,162.9846,0.434045415,0,0,0,0,0,0,0.270744417,0,0,0,0,0,0.217699781,0,0,0,0,0,0,0,0,0,0,0.220159628,0,0,0,0,0,0,0,0,0,0,0,0,0,0,0,0,0,0.648098773,0,0,0,0,0,0,0,0,0,0,0,0,0,0,0,0,0,0,0,0,0,0,0,0,0.236176646,0,0,0,0,0,0,0,0,0,0,0,0,0,0,1.17582462,0,0,0,0.255022601,0,0,0,0,0,0,0,0,0,0,0,0.35239192,0,0,0,0,0,0,0,0,0,0,0,0,0,0,0,0,0,0,0,0,0,0,0,0,0,0,0,0,0,0,0,0,0,0,0,0,0,0,0
KOS-16,North,Buoy 44,Outer,5.37288,162.9846,0,0,0,0,0,0.710550299,0,0,0,0,0,0.203832047,0,0,0,0,0,0,0,0,0,0,0,0,0,0,0.199375578,0,0,0,0,0,0,0,0,0,0,0,0,0.317132848,0,0,0.514162594,0,0,0,0,0,0,0,0,0,0,0,0,0,0,0,0,0,0,0,0,0,0,0,0,0,0,0,0,0,0,0,0,0,0,0,0,0,0,0,0,0,0,0,0.109262481,0,0,0,0,0,0,0,0,0,0,0,0,0,0,0,0,0,0,0,0,0,0,0,0,0,0,0,0,0,0,0.449853664,0,0,0,0,0,0,0,0,0,0,0,0,0,0,0,0,0,0,0,0
KOS-16,North,Buoy 44,Outer,5.37288,162.9846,0.434045415,0,0,1.056109936,0,0.993003462,0,0,0,0,0,0,0,0,0,0,0,0,0,0,0,0,0,0,2.228869108,0,0,0,0,0,0,0,0,0,0,0,0,0,0,0.988584101,0,0,1.927462918,0,0,0,0,0,0,0,0,0,0,0,0,0,0,0,0,0,0,0,0,2.265853952,0,0,0,0,0,0,0,0,0,0,0,0,0,0,0,0,0,0,0,0,0,0,0.900455403,0,0,0,0,0,0,0,0,0,0,0,0,0,0,0,0,0,6.201173327,0,0,0,0,0,0,0,0,0,0,0,0,0,0,0,0.567363635,0,0,0,0,0,0,0,0,0,0,0,0,0,0,0,0,0
KOS-16,North,Buoy 44,Outer,5.37288,162.9846,0.434045415,0,0,1.277661424,0,0,0,0,0,0,0,0,0,0,0,0,0,2.383093193,0,0,0,0,0.205794871,0,0,0,0,0,0,0,0,0,0,0,0,0,0,0,0,0,0,0,0,0,0,0,0,0,0,0,0,0,0,0,0,0,0,0,0,0,0,0,0,0,0,0,0,0.536088628,0,0,0,0,0,0,0,0,0,0,0,0,0,0,0,0,0,0,0.861157695,0,0,0,0,0,0,0,0,0,0,0,0,0,0,0,0,0,0,0,0,0,0,0,0,0,0,0.24801808,0,0,0,0,0,0,0,0,0,0,0,0,0,0,0,0,0,0,0,0,0,0,0,0
KOS-16,North,Buoy 44,Outer,5.37288,162.9846,0.294582291,0,0,0,0,0.395622649,0,0,0,0,0,0,0,0,0,0,0,0,0,0,0,0,0,0,0.280804978,0,0.250562853,0,0,0,0,0,0,0,0,0,0,0,0,0.222130341,0,0,0.23371027,0,0,0,0,0,0,0,0,0,0,0,0,0,0,0,0,0,0,0,0,0,0,0,0,0.043283851,0,0,0,0,0,0,0,0,0,0,0,0,0,0,0,0,0,0,0.109262481,0,0,0,0,0,0,0,0,0,0,0,0,0,0,0,0,0,0,0,0,0,0,0,0,0,0,0,0,0,0,0,0,0,0,0,0,0,0,0,0,0,0,0,0,0,0,0,0,0,0,0
KOS-16,North,Buoy 44,Outer,5.37288,162.9846,0,0,0,0,0,0.649580117,0.131702531,0,0,0,0,0.683484677,0,0.103788678,0,0,0,0,0,0,0.296675471,0,0,0,0,0,0,0,0,0,0,0,0,0,0,0,0,0,0,0.826624369,0,0,2.027759999,0,0,0,0,0,0,0,0,0,0,0,0,0,0,0,0,0,0,0,0,5.948465886,0,0,0,0,0,0,0.385919181,0,0,0,0,0,0.492251882,0,0,0,0,0,0,0,0,0,1.867857411,0,0,0,0,0,0,1.559027501,0,0,0,0,0,0,0,0,0,0,5.204794785,0,0,0,0,0,0,0,0.316597072,0,0,0,0,0,0.361427268,0,1.14940035,0,0,0,0,0,0,0,0,0,0,0,0,0,0,0,0,0
KOS-16,North,Buoy 44,Outer,5.37288,162.9846,0.767028582,0,0,0,0,0,0,0,0,0,0,0,0,1.181162638,0,0,0,5.434592568,0,0,0,0,0,0,0,0,0,0,0.194046606,0,0,0,0,0,0,0,0,0,0,0.580272768,0,0,0.277756617,0,0,0,0,0,0,0,0,0,0,0,0,0,0,0,0,0,0,0,0,0,0,0,0,0,0,0,0,0,0,0,0,0,1.331943339,0,0,0,0,0,0,0,0,0,0,0,0,0,0,0,0,0,0,0,0,0,0,0,0,0,0,0,0,0,0,0,0,0,0,0,1.077892927,0,0,0,0,0,0,0,0.830400614,0,0,0,0,0,0,0,0,0,0,0,0,0,0,0,0,0
KOS-16,North,Buoy 44,Outer,5.37288,162.9846,0,0,0,0,0,0.185530656,0,0,0,0,0,0,0,0.087323898,0,0,0,0,0,0,0,0,0,0,0,0,0.025170466,0,0,0,0,0,0,0,0,0,0,0.73183727,0,0.51506927,0,0,0.280452324,0,0,0.099750862,0,0,0,0,0,0,0,0,0,0,0,0.148501321,0,0,0,0,0,0,0,0,0,0,0,0,0,0,0,0,0,0,0.398886907,0,0,0,0,0,0,0,0,0,0.854759656,0,0,0,0,0,0,0,0,0,0,0,0,0,0,0,0,0,0,0,0,0,0,0,0,0,0,0,0,0,0.319124481,0,0,0,0,0,0,0,0,0,0,0,0,0,0,0,0,0,0,0,0,0
KOS-16,North,Buoy 44,Outer,5.37288,162.9846,0,0,0,0,0,0.546234084,0,0,0,0,0,0,0,0,0,0,0,0,0,0,0.296675471,0,0,0,0,0,0.127818033,0,0,0,0,0,0,0,0,0,0,0,0,0.75452769,0,0,1.635012402,0,0,0,0,0,0,0,0,0,0,0,0,0,0,0,0,0,0,0,0,5.456345273,0,0,4.445710405,0.799872553,3.21574659,0,2.339060872,1.306317354,0,0,0,0,0,0,0,0,0,0,0,0,0,0,1.922969116,0,0,0,0,0,0,0,0,0,0,0,0,0,0,0,0,0,0,0,0,0,0,0,0,0,0.562072327,0,0,0,0,0,0,0,1.464320589,0,0,0,0,0,0,0,0,0,0,0,0,0,0,0,0,0
KOS-16,North,Buoy 44,Outer,5.37288,162.9846,0,0,0,0,0,0,0,0,0,0,0,0,0,0,0,0,0,0,0,0,0,0,0,0,0,0,0,0,0,0,0,0,0,0,0.786429855,0,0,0,0,0,0,0,0.815064408,0,0,0,0,0,0,0,0.69877326,0,0,0,0,0,0,0,0,0,0,0,0,0,0,0,0,0.066245102,0,0,0,0,0,0,0,0,0,0,0,0,0,0,0,0,0,0,0.172630098,0.952703293,0,0,0,0,0,0,0,0,0,0,0,0,0,0,0,0,0,0,0,0,0,0,0.721012948,0,0,0,0,0,0,0,0,0,0,1.370795301,0,0,0,0,0,0,0,0,0,0,0,0,0,0,0,0
KOS-16,North,Buoy 44,Outer,5.37288,162.9846,0,0,0,0,0,0.092765328,0,0,0,0,0,0,0,0,0,0,0,0,0,0,0,0,0,0,0,0,0,0,0.038873118,0,0,0,0,0,0,0,0,0,0,0.193424256,0,0,0.445549358,0,0,0.164579958,0,0,0,0,0,0,0,0,0,0,0,0.318816134,0,0,0,0,0,0,0,0,0,0,0,0,0,0,0,0,0,0,0,0,0,0,0,0,0,0,0.352874178,0,1.155709099,0.952703293,0,0,0,0,0,0,0,0,0,0,0,0,0,0,0,0,0,0.171694707,0,0,0,0,0,0,0.109801223,0,0,0,0,0.353283717,0,0,0,0,0,0,0,0,0,0,0,0,0,0,0,0,0,0,0,0
KOS-16,North,Buoy 44,Outer,5.37288,162.9846,0,0,0,0,0,0,0,0,0,0,0,0,0,0,0,0,0,0,0,0,0.151522591,0,0,0,0,0,0.836992243,0,0,2.653637242,0,0,0,1.031135076,0,0,0,0,0,0,0,0,1.142699888,0,0,0,0,0,0,0,0,0,0,0,0,0,0,0,0,0,0,0,0,0,0,0,1.930079595,1.29288707,0,0,0.656661524,0.479915852,0,0,0,0,0,0,0,0,0,0,0,0,0,0,3.375801437,0,0,0,0,0,0,0.760664213,0,0.7455683,0,0,0,0,0,0,0,0,0,0,0,0,0,0,0,0,0.687424315,0,0,0,0,0,0,0,0.567363635,0,0,0,0,0,0,0,0,0,0,0,0,0,0,0,0,0
KOS-16,North,Buoy 44,Outer,5.37288,162.9846,0,0,0,0,0,0,0,0,0,0,0,0,0,0,0,0,0,0,0,0,0,0,0,0,0.390861589,0,0.294473307,0,0,0,0,0,0,0,0,0,0,0,0,0,0,0,0.796751801,0,0,0,0,0,0,0,0,0,0,0,0,0,0,0,0,0,0,0,0,0,0,0,0,0.132490204,0,0,0,0,0,0,0,0,0,0,0,0,0,0,0,0,0,0,1.167752858,0,0,0,0,0,0,0,0,0,0,0,0,0,0,0,0,0,0,0,0,0,0,0,0,0,0,0,0,0,0,0,0,0,0,1.760132211,0,0,0,0,0,0,0,0,0,0,0,0,0,0,0,0
KOS-16,North,Buoy 44,Outer,5.37288,162.9846,0.220650042,0,0,0,0,0.166226518,0,0,0,0,0,0,0,0,0,0,0,0,0,0,0,0,0,0,0,0,0,0,0.031023426,0,0,0,0,0,0,0,0,0,0,0.029311656,0,0,0.369336599,0,0,0,0,0,0,0,0,0,0,0,0,0,0,0,0.145023852,0,0,0,0,0,0,0,0,0.053956422,0,0,0.038983293,0,0,0,0,0,0,0,0,0,0,0,0,0,0,0,0.25679016,0,0,0,0,0,0,0,0,0,0,0,0,0,0,0,0,0,0,0,0,0,0,0,0,0,0,0,0,0,0.189684535,0,0,0,0,0,0,0,0,0,0,0,0,0,0,0,0,0,0,0,0,0
KOS-16,North,Buoy 44,Outer,5.37288,162.9846,0,0,0,0,0,0,0,0,0,0,0,0,0,0,0,0,0,0,0,0,0,0,0,0,0.24927129,0,0,0,0,0,0,0,0,0,0,0,0,0,0,0.930189233,0,0,1.750003382,0,0,0,0,0,0,0,0,0,0,0,0,0,0,0,0,0,0,0,2.688624049,4.428672249,0,0,0,0.16052445,7.792316958,0,0,0,0,0,0,0,1.63476511,0,0,0,0,0,0,0,0,0,0.739957742,2.137396337,0,0,0,0,0,1.036911569,0,0,0,0,0,0,0,0,0,0,0,0,0,0,0,0,0,0,1.527951813,0,0,0,0,0,0,0,0.462449695,0.937781157,0,0.281267976,0,0,0,0,0,0,0,0,0,0,0,0,0,0
KOS-16,North,Buoy 44,Outer,5.37288,162.9846,0,0,0,0,0,0,0,0.31093235,0,0,0,0,0,0,0,0,0,0,0,0,0,0,0,0,0,0,0,0,0.058181133,0,0,0,0,0,0,0,0,0,0,0,0,0,0.449693964,0,0,0,0,0,0,0,0,0,0,0,0,0,0,0,2.909419884,0,0,0,0,0,0,0,0,0.474974296,0,0,0,0,0,0,0,0,0,0,0,0,0,0,0,0,0,0,0,0,0,0,0,0,0,0,0.171234744,0,0,0,0,0,0,0,0,0,0,0,0,0,0,0,0,0,0,0,0,0,0,0,0,0,0,1.259269455,0,0,0,0,0,0,0,0,0,0,0,0,0,0,0,0
KOS-16,North,Buoy 44,Outer,5.37288,162.9846,0,0,0,0,0,0.139147992,0,0,0,0,0,0,0,0,0,0,0,0,0,0,0.09329595,0,0,0,0,0,0.854740337,0,0,0,0,0,0,0.128532122,0,0,0,0,0,0.395497415,0,0,0.505299306,0,0,0.164579958,0,0,0,0,0,0,0,0,0,0,0,0,0,0,0,0,0,0,0,0,0,0,0,0,0.071377782,0,0,0,0,0,1.082523183,0,0,0,0,0,0,0,0,0,0.149492374,0,0,0,0,0,0,0,0,0,0,0,0,0,0,0,0,0,0,0,0,0,0,0,0,0,0,0.24801808,0,0,0,0,0,0,0.371265101,0,0,0.084838802,0,0,0,0,0,0,0,0,0,0,0,0,0,0
KOS-16,North,Buoy 44,Outer,5.37288,162.9846,0,0,0,0,0,0,0,0,0,0,0,0,0,0,0,0,0,0,0,0,0,0,0,0,0,0,0.2282799,0,0,0,0,0,0,1.301770541,0,0,0,0,0,1.520313061,0,0,1.49586785,0,0,0,0,0,0,0,0,0,0,0,0,0,0,0,0,0,0,0,0,1.236561147,0,0,0,0,1.589285002,0,0,0,0,0,0,0,0.92727893,0,0,0,0,0,0,0,0,0,0.797252294,0,0,0,0,0,0,0,0,0,0,0,0,0,0,0,0,0,1.834677344,0,0,0,0,0,0,0,0,0,0,0,0,0,0,0,0.792975419,0,0,0,0,0,0,0,0,0,0,0,0,0,0,0,0,0
KOS-16,North,Buoy 44,Outer,5.37288,162.9846,0,0,0,0,0,0,0,0.131095313,0,0,0,0,0,0.217699781,0,0,0,0,0,0,0,0,0,0,0.478030579,0,0,0,0,0,0,0,0,0,0,0,0,0,0,0,0,0,0.185171078,0,0,0,0,0,0,0,0,0,0,0,0,0,0,0,1.129384604,0,0,0,0,0,0,0,0,0.679283274,0,0,0,0,0,0,0,0,0,0,0,0,0,0,0,0,0,0,0,0,0,0,0,0,0,0,0,0,0,0,0,0,0,0,0,0,0,0,0,0,0,0,0,0,0,0,0,0,0,0,0,0,0,0,0,0,0,0,0,0,0,0,0,0,0,0,0,0,0,0
KOS-16,North,Buoy 44,Outer,5.37288,162.9846,0,0,0,0,0,0.092765328,0,0,0,0,0,0,0,0.541103208,0,0,0,1.116202568,0,0,0,0,0,0,0,0,0.387751908,0,0.031023426,0,0,0,0,0,0,0,0,0,0,0.500095128,0,0,0,0,0,0,0,0,0,0,0,0,0,0,0,0,0,0,0,0,0,0,0,0,0,0,0,0,0,0,0,0,0,0,0,0,0,0,0,0,0,0,0,0,0,0,0.583067816,0,0,0,0,0,0,0,0,0,0,0,0,0,0,0,0,0,0,0,0,0,0,0,0,0,0,0,0,0,0,0.175321321,0,0,0,0,0,0,0,0,0,0,0,0,0,0,0,0,0,0,0,0
KOS-16,North,Buoy 44,Outer,5.37288,162.9846,0,0,0,0,0,0.546234084,0.662157651,0,0,0,0,0,0,0,0,0,0,0,0,0,0.526094026,0,0,0,0,0,0,0,0,0,0,0,0,0.63785263,0,0,0,0,0,0,0,0,0.811382006,0,0,0,0,0,0,0,0,0,0,0,0,0,0,0,0,0,0,0,0,4.335448047,0,0,0,0,0,0,0,0,0,0,0,0,5.717461593,0,0,0,0,0,0,0,0,0,3.070653112,0,0,0,0,0,0,0.390370341,0,0,0,0,0,0,0,0,0,0,0,0,0,0,0,0,0.857987571,0,0,0,0,0,0,0,0,0,2.110892562,0,0,0,0,0,0,0,0,0,0,0,0,0,0,0,0,0
KOS-16,North,Buoy 44,Outer,5.37288,162.9846,0,0,0,0,0,0,0,0.109407713,0,0,0,0,0,0.247579592,0,0,0,0,0,0,0,0,0,0,0,0,0,0,0,0,0,0,0,0,0,0,0,0,0,0.756655076,0,0,0,0,0,0,0,0,0,0,0,0,0,0,0,0,0,0,0,0,0,0,0,0,0,0,0,0.311710598,0,0,0,0,0,0,0,0,0,0,0,0,0,0,0,0,0,0,0.439850407,0,0,0,0,0,0,0,0,0,0,0,0,0,0,0,0,0,0,0,0,0,0,0,0,0,0,0,0,0,0,0,0,0,0,2.050881843,0,0,0,0,0,0,0,0,0,0,0,0,0,0,0,0
KOS-16,North,Buoy 44,Outer,5.37288,162.9846,0,0,0,0,0,0.185530656,0,0,0,0,0,0,0,0,0,0,0,0,0,0,0,0,0,0,0,0,0.032469045,0,0,0,0,0,0,0,0,0,0,0,0,0,0,0,0.23371027,0,0,0.043647864,0,0,0,0,0,0,0,0,0,0,0,0,0,0,0,0,0,0,0,0,0,0,0,0,0,0,0,0,0,0,0,0,0,0,0,0,0,0,0,0,0.369904773,0,0,0,0,0,0,0,0,0,0,0,0,0,0,0,0,0,0,0,0,0,0,0,0,0,0,0,0,0,0.178646883,0,0,0,0,0,0,0,0,0,0,0,0,0,0,0,0,0,0,0,0,0
KOS-16,North,Buoy 44,Outer,5.37288,162.9846,0,0,0,0,0,0.754264799,0.176120127,0,0,0,0,0,0,0,0,0,0,0,0,0,0,0,0,0,0,0,0,0,0,0,0,0,0,0,0,0,0,0,0,1.051223208,0,0,1.307818024,0,0,0,0,0,0,0,0,0,0,0,0,0,0,0,0,0,0,0,0,0.97128525,0,0,0,0,0,0,0,0,0,0,0,0,5.717461593,0,0,0,0,0,0,0,0,0,2.26518453,0,0,0,0,0,0,0,0.401989677,0,0,0,0,0,0,0,0,0,1.306413318,0,0,0,0,0,0,0,0,0,0,0,0,0,0,0,0,0,0,0,0,0,0,0,0,0,0,0,0,0,0,0,0,0
KOS-16,North,Buoy 44,Outer,5.37288,162.9846,0,0,0,0,0,0,0,0.29384476,0,0,0,0,0,0,0,0,0,0,0,0,0,0,0,0,0,0,0,0,0,0,0,0,0,0,0,0,0,0,0,0,0,0,0.701843079,0,0,0,0,0,0,0,0,0,0,0,0,0,0,0,0,0,0,0,0,0,0,0,0,0,0,0,0,0,0,0,0,0,0,0,0,0,0,0,0,0,0,0,0.450645632,0,0,0,0,0,0,0,0,0,0,0,0.493180981,0,0,0,0,0,0,0,0,0,0,0,0,0,0.485569016,0,0,0,0,0,0,0,0,0,0,0,0,0,0,0,0,0,0,0,0,0,0,0,0,0
KOS-16,North,Buoy 44,Outer,5.37288,162.9846,0,0,0,0,0,0.193151662,0,0,0,0.058891288,0,0,0,0,0,0,0,0,0,0,0.129961841,0,0,0,0,0,0,0,0.058181133,0,0,0,0,0,4.263290497,0,0,0,0,0.143765774,0,0,0.246914978,0,0,0,0,0,0,0,0,0,0,0,0,0,0,0.108228162,0.217535778,0,0,0,0,0,0,0,0,0.129851553,0,0,0,0,0,0,0,0,0.356870379,0,0,0,0,0,0,0,0,0,0,0,0,0,0,0,0,0,0,0,0,0,0,0,0,0,0,0,0,0,0,0,0,0,0,0,0,0,0,0,0.041621589,0,0,0,0,0,0,0,0,0,0,0,0,0,0,0,0,0,0,0,0,0
KOS-16,North,Buoy 44,Outer,5.37288,162.9846,0,0,0,0,0,0.575985568,0,0,0,0,0,0,0,0,0,0,0,0,0,0,0,0,0,0,0,0,0,0,0,0,0,0,0,0,0,0,0,0,0,0.541561319,0,0,1.81419894,0,0,0,0,0,0,0,0,0,0,0,0,0,0,0,0,0,0,0,0,0,0,0,0,0,0,0,0,0,0,0,0,0,6.107264333,0,0,0,0,0,0,0,0,0,3.557587356,4.28145956,0,0,0,0,0,0,0,0.880132293,0,0,0.239508972,0,0,0,0,0,7.191957022,0,0,0,1.45669031,0,1.752421111,0,0.562072327,0,0.368826612,0,0,0,0,0,0.686950655,0,0,0,0,0,0,0,0,0,0,0,0,0,0,0,0,0
KOS-16,North,Buoy 44,Outer,5.37288,162.9846,0,0,0,0,0,0,0,0,0,0,0,0,0,0,0,0,0,1.670177826,0,0,0,0,0,0,0,0,0,0,0.130875857,0,0,0,0,0,0,0,0,0,0,1.441359704,0,0,0.370342156,0,0,0,0,0,0,0,0,0,0,0,0,0,0,0,0,0,0,0,0,0,0,0,0,0.76096415,0,0,0,0,0,0,0,0,0,0,0,0,0,0,0,0,0,0,0.450645632,0,0,0,0,0,0,0,0,0,0,0,0,0,0,0,0,0,0,0,0,0,0,0,0,0,0,0,0,0,0,0,0,0,0,0,0,0,0,0,0,0,0,0,0,0,0,0,0,0,0,0
KOS-16,North,Buoy 44,Outer,5.37288,162.9846,0,0,0,0,0,0.139147992,0,0,0,0,0,0,0,0,0,0,0,0,0,0,0,0,0,0,0,0,0.255636066,0,0.097054251,0,0,0,0,0,0,0,0,0,0,0.348452522,0,0,0.326295809,0,0,0.082755563,0,0,0,0,0,0,0,0,0,0,0,0,0,0,0,0,0,0,0,0,0,0,0,0,0,0,0,0,0,0,0,0,0,0,0,0,0,0,0,0,0.109262481,0,0,0,0,0,0,0,0,0,0,0,0,0,0,0,0,0,0,0,0,0,0,0,0,0,0.393148185,0,0,0,0.096934425,0,0,0,0,0,0,0,0,0,0,0,0,0.093365097,0,0,0,0,0,0,0,0.160830392
KOS-16,North,Buoy 44,Outer,5.37288,162.9846,0,0,0,1.42559603,0,0.86538522,0.152953257,0,0,0,0,0,0,0,0,0,0,0,0,0,0,0,0,0,0,0,0,0,0,0,0,0,0,0,0,0,0,0,0,0.541561319,0,0,2.619817212,0,0,0,0,0,0,0,0,0,0,0,0,0,0,0,0,0,0,0,0,7.232168407,0,0,0,0,0,0,0,0,0,0,0,0,0,0,0,0,0,0,0,0,0,0,0,1.45012612,0,0,0,0,0,0,0,0,0,0,0,0,0,0,0,0,2.318595106,0,0,0,0,0,0,0,0,0,0,0,0,0,0.284113102,0,0,0,0,0,0,0,0,0,0,0.205320344,0,0,0,0,0,0,0,0
KOS-16,North,Buoy 44,Outer,5.37288,162.9846,0,0,0,0,0,0,0,0,0,0,0,0,0,0,0,0,0,0,0,0,0,0,0,0,0,0,0,0,0,0,0,0,0,0.207390806,0.786429855,0,0,0,0,0.575063096,0,0,0.740684312,0,0,0,0,0,0,0,0,0,0,0,0,0,0,0,0,0,0,0,0,0,0,0,0,0,0,0,0,0,0,0,0,0,0,0,0,0,0,0,0,0,0,0,0.964446792,0,0,0,0,0,0,0,0,0,0,0,0,0,0,0,0,0,0,0,0,0,0,0,0,0,0,0,0,0,0,0.626247122,0,0,0,0,0,0,0,0,0,0,0,0,0,0.248527213,0,0,0,0,0,0
KOS-17,Northeast Corner,Buoy 50,Outer,5.35628,163.0236,0,0,0,0,0,0.139147992,0,0,0,0,0,0,0,0,0,0,0,0,0,0,0,0.237269322,0,0,0,0,0,0,0,0,0,0,0,0.094245749,2.891728618,0,0,0,0,0.431082022,0,0,0.13370438,0,0,0.165511126,0,0,0,0,0,0,0,0,0,0,0,0.127404105,0,0,0,0,0,0,0,0,0,0,0,0,0.340658508,0,0,1.106250655,0,0,0.598715719,0,0,0,0,0,0,0,0,0,0.197882576,0,0,0,0,0,0,0,0,0,0,0,0,0,0,0,0,0,0,0,0,0,0,0,0,0,0,0,0,0,0.373507198,0,0,0,0,0,0,0,0,0,0,0,0,0,0,0,0,0,0,0,0,0
KOS-17,Northeast Corner,Buoy 50,Outer,5.35628,163.0236,0,0,0,0,0,0.298578996,0,0,0,0,0,0,0,0,0,0,0,0,0,0,0,0,0,0,0,0,0.091419229,0,0,0,0,0,0,0,0,0,0.223449418,0,0,0.294479047,0,0,0.093484108,0,0,0.253155282,0,0,0,0,0,0,0,0,0,0,0,0,0,0,0,0,0,0,0,0,0,0.677616014,0,0,0.071377782,0,0,0,0,0,0,0,0,0,0,0,0,0,0,0,0,0,0,0,0,0,0,0,0,0,0,0,0,0,0,0,0,0,0,0,0,0,0,0,0,0,0,0,0,0,0,0,0,0,0,0,0,0,0,0,0,0,0,0,0,0,0,0,0,0,0,0
KOS-17,Northeast Corner,Buoy 50,Outer,5.35628,163.0236,0,0,0,0,0,0.107338041,0,0,0,0,0,0,0,0,0,0,0,0,0,0,0,0,0,0,0,0,0,0,0,0,0,0,0,0,0,0,0,0,0,0.861302844,0,0,0.322258167,0,0,0.067832949,0,0,0,0,0,0,0,0,0,0,0,0.76442463,0.237451527,0,0,0,0,0,0,0,0,0,0,0,0.510987762,0,0,0,0,0,0,0,0,0,0,0,0,0,0,0,0.952027965,0,0,0,0,0,0,0,0,0,0,0,0,0,0,0,0,0,0,0,0,0,0,0,0,0,0,0,0,0,0,0.125939004,0,0.345989579,0,0,0,0,0,0,0,0,0,0,0,0,0,0,0,0,0,0
KOS-17,Northeast Corner,Buoy 50,Outer,5.35628,163.0236,0,0,0,0,0,0,0,0,0,0,0,0,0,0,0,0,0,0,0,0,0.1105947,0,0,0,0,0,0.464235583,0,0,0,0,0,0,0,0,0,0,0,0,0.29879404,0,0,0.763759025,0,0,0,0,0,0,0,0,0,0,0,0,0,0,0,0,0,0,0,0,0,0,0,0,0,0,0,0,0,0,0,0,0,0,0,0,0,0,0,0,0,0,0,1.791901185,0,0,0,0,0,0,0,0,0,0,0,0,0,0,0,0,0,0,0,0,0,0,0,0,0,0,0,0,0,0,0,0,0,0,0,0,0,0,0,0,0,0,0,0,0,0,0,0,0,0.125374318,0
KOS-17,Northeast Corner,Buoy 50,Outer,5.35628,163.0236,0,0,0,0,0,0.229396131,0,0,0,0,0,0,0,0,0,0,0,0,0,0,0,0,0,0,0,0,0,0,0,0,0,0,0,0,0,0,0,0,0,0.822277669,0,0,0.280452324,0,0,0,0,0,0,0,0,0,0,0,0,0,0,0,0.362057046,0,0,0,0,0,0,0,0,0.132490204,0,0,0,0,0,0,0,0,0,0,0,0,0,0,0,0,0,0,0.197882576,0,0,0,0,0,0,0,0,0,0,0,0,0,0,0,0,0,0,0,0,0,0,0,0,0,0,0.164081843,0,0,0.432028311,0,0,0,0,0,0,0,0,0,0,0,0,0,0,0,0,0,0,0,0,0
KOS-17,Northeast Corner,Buoy 50,Outer,5.35628,163.0236,0,0,0,0,0,0.191243766,0,0,0,0,0,0,0,0,0,0,0,0,0,0,0,0,0,0,0,0,0,0,0,0,0,0,0,0,0,0,0,0,0,0.086683537,0,0,0.479791429,0,0,0,0,0,0,0,0,0,0,0,0,0,0,0,0.323268876,0,0,0,0,0,0,0,0,0,0,0,0,0,0.187931108,0,0,0,0.443981113,0,0,0,0,0,0,0,0,0,1.226667581,0,0,0,0,0,0,0,0,0,0,0,0,0,0,0,0,0,0,0,0,0,0,0,0,0,0,0,0,0,0,0,0,0,0,0,0,0,0,0,0,0,0,0,0,0,0,0,0,0,0.049332782,0
KOS-17,Northeast Corner,Buoy 50,Outer,5.35628,163.0236,0,0,0,0,0,0.46382664,0,0,0,0,0,0,0,0,0,0,0,0,0,0,0,0,0,0,0,0,0,0,0,0,0,0,0,0,0,0,0,0,0,0.594515268,0,0,0.092585539,0,0,0,0,0,0,0,0,0,0,0,0,0,0,0.857911335,0.731951032,0,0,0,0,0,0,0,0,0.066245102,0,0,0,0,0,0,0,0,0,0,0,0,0,0,0,0,0,0,0.941022678,0,0,0,0,0,0,0,0,0,0,0,0,0,0,0,0,0,0,0,0,0,0,0,0,0,0,0,0,0,0.186753599,0.125939004,0,0,0,0,0,0.434957974,0,0,0,0,0,0,0,0,0,0,0,0,0,0
KOS-17,Northeast Corner,Buoy 50,Outer,5.35628,163.0236,0,0,0,0,0,0.917974128,0,0,0,0,0,0,0,0,0,0,0,0,0,0,0,0,0,0,0,0,0.07622084,0,0,0,0,0,0,0.132442017,0,0,0,0,0,0.226058182,0,0,0.440637701,0,0,0,0,0,0,0,0,0,0,0,0,0,0,0,0,0,0,0,0,0,0,0,0,0,0,0,0,0,0,0,0,0,0,0,0,0,0,0,0,0,0,0,0,0,0,0,0,0,0,0,0,0,0,0,0,0,0,0,0,0,0,0,0,0,0,0,0,0,0,0,0,0,0,0,0,0,0,0,0,0,0,0,0,0,0,0,0,0,0,0,0,0,0,0
KOS-17,Northeast Corner,Buoy 50,Outer,5.35628,163.0236,0,0,0,0,0,0.092765328,0,0,0,0,0,0,0,0.317349487,0,0,0,0.700967054,0,0,0,0,0,0,0.21534313,0,0,0,0,0,0,0,0,0,4.263290497,0,0,0,0,0,0,0,0.140226162,0,0,0.296803146,0,0,0,0,0,0,0,0,0,0,0,0,0,0,0,0,0,0,0,0,0,0.242019157,0.508451877,0,0.201900202,0.288255802,0.081836951,0,0,0,0.100569083,0,0,0,0,0,0,0,0,0,0.197882576,0,0,0,0,0,0,0,0,0,0,0,0,0,0,0,0,0,0,0,0,0,0,0,0,0,0,0,0,0,0,0.210497232,0.083943069,0,0,0,0,0,0,0,0,0,0,0,0,0,0,0,0,0,0,0
KOS-17,Northeast Corner,Buoy 50,Outer,5.35628,163.0236,0,0,0,0.221069648,0,0.205660286,0,0,0,0,0,0,0,0,0,0,0,0,0,0,0,0,0,0,0,0,0,0,0,0,0,0,0,0,0,0,0,0,0,0.167346947,0,0,0.288404204,0,0,0,0,0,0,0,0,0,0,0,0,0,0,0,0,0,0,0,0,0,0,0,0,0.460487377,0,0,0,0,0,0,0,0,0,0,0,0,0,0,0.190891977,0,0,0,0,0,0,0,0,0,0,0,0,0,0,0,0,0,0,0,0,0,0,0,0,0,0,0,0,0,0,0,0,0,0,0,0,0,0,0,0,0,0,0,0,0,0,0,0,0,0,0,0,0,0,0
KOS-17,Northeast Corner,Buoy 50,Outer,5.35628,163.0236,0,0,0,0,0,0.092765328,0,0,0,0,0,0,0,0,0,0,0,0,0,0,0,0,0,0,0,0,0,0,0,0,0,0,0,0,0,0,0,0,0,0.613282697,0,0,0.140226162,0,0,0.043647864,0,0,0,0,0,0,0,0,0,0,0,0,0,0,0,0,0,0,0,0,0,0.066245102,0,0,0.077966586,0,0,0,0,0,0,0,0,0,0,0,0,0,0,0,0.197882576,0,0,0,0,0,0,0,0,0,0,0,0,0,0,0,0,0,0,0,0,0,0,0,0,0,0,0,0,0,0,0,0,0,0,0,0,0,0,0,0,0,0,0,0,0,0,0,0,0,0,0
KOS-17,Northeast Corner,Buoy 50,Outer,5.35628,163.0236,0,0,0,0,0,0.347034143,0,0,0,0,0,0,0,0,0,0,0,0,0,0,0,0,0,0,0,0,0,0,0,0,0.091776886,0,0,0,0,0,0,0,0,0,0,0,0.359524822,0,0,0,0,0,0,0,0,0.030537931,0,0,0,0,0,0,0,0,0,0,0,0,0,0,0,1.125015578,0,0,0.136729404,0,0,0,0,0,0,0,0,0,0,0,0,0,0,0,0,0,0,0,0,0,0,0,0,0,0,0,0,0,0,0,0,0,0,0,0,0,0,0,0,0,0,0,0,0,0,0,0,0,0,0,0,0,0,0,0,0,0,0,0,0,0,0,0,0,0,0
KOS-17,Northeast Corner,Buoy 50,Outer,5.35628,163.0236,0,0,0,0,0,0.23191332,0,0,0,0,0,0,0,0,0,0,0,0,0,0,0,0,0,0,0,0,0.127818033,0,0,0,0,0,0,0,0,0,0,0,0,1.58899788,0,0,0.280452324,0,0,0,0,0,0,0,0,0,0,0,0,0,0,0,0,0,0,0,0,0,0,0,0,0.161869266,0,0,0,0.235512858,0,0.187931108,0,0,0,0,0,0,0,0,0,0,0,0,0.287052565,0,0,0,0,0,0,0,0,0,0,0,0,0,0,0,0,0,0,0,0,0,0,0,0,0,0,0,0,0,0,0,0,0,0.10539983,0,0,0,0,0,0,0,0,0,0,0,0,0,0,0,0,0
KOS-17,Northeast Corner,Buoy 50,Outer,5.35628,163.0236,0,0,0,0,0,0.346578232,0,0,0,0,0,0,0,0,0,0,0,0,0,0,0,0,0,0,0,0,0,0,0,0,0,0,0,0,0,0,0,0,0,0.192758481,0,0,0.701939348,0,0,0,0,0,0,0,0,0,0,0,0,0,0,0,0,0,0,0,0,0,0,0,0,0,0,0,0.1005936,0,0,0,0,0,0,0,0,0,0,0,0,0,0,0,0,0,0,0,0,0,0,0,0,0,0,0,0,0,0,0,0,0,0,0,0,0,0,0,0,0,0,0,0,0,0,0,0,0,0,0,0,0,0,0,0,0,0,0,0,0,0,0,0,0,0,0
KOS-17,Northeast Corner,Buoy 50,Outer,5.35628,163.0236,0,0,0,0,0,0.23191332,0,0,0,0,0,0,0,0,0,0,0,0,0,0,0,0,0,0,0,0,0,0,0,0,0,0,0,0,0,0,0,0,0,0.76675365,0,0,0.186968216,0,0,0,0,0,0,0,0,0,0,0,0,0,0,0.223936732,0,0,0,0,0,0,0,0,0,0.294743097,0,0,0,0,0,0,0,0,0,0,0,0,0,0,0,0,0,0,0.743140102,0,0,0,0,0,0,0,0,0,0,0,0,0,0,0,0,0,0,0,0,0,0,0,0,0,0,0,0,0,0,0,0,0,0,0,0,0,0,0,0,0,0,0,0,0,0,0,0,0,0,0
KOS-17,Northeast Corner,Buoy 50,Outer,5.35628,163.0236,0.383514291,0,0,0.190876468,0,0.327418658,0,0,0,0,0,0,0,0,0,0,0,0,0,0,0,0,0,0,0,0,0,0,0,0,0,0,0,0,0,0,0,0,0,0,0,0,0.973218685,0,0,0.118959223,0,0,0,0,0,0,0,0,0,0,0,0,0,0,0,0,0,0,0,0,0,0.420100234,0,0,0.117752675,0,0,0,0,0,0,0,0,0,0,0,0,0,0,0,0.450645632,0,0,0,0,0,0,0,0,0,0,0,0,0,0,0,0,0,0,0,0,0,0,0,0,0,0,0,0,0,0,0,0,0,0,0,0,0,0,0,0,0,0,0,0,0,0,0,0,0,0,0
KOS-17,Northeast Corner,Buoy 50,Outer,5.35628,163.0236,0,0,0,0,0,0.139147992,0,0,0,0,0,0,0,0,0,0,0,0,0,0,0,0,0,0,0,0,0.06285233,0,0,0,0,0,0,0,0,0,0,0,0,0.537652641,0,0,0,0,0,0,0,0,0,0,0,0,0,0,0,0,0,1.203377328,0,0,0,0,0,0,0,0,0,0.198735306,0,0,0,0,0,0,0,0,1.452941922,0,0,0,0,0,0,0,0,0,0,0,0,0,0,0,0,0,0,0,0,0,0,0,0,0,0,0,0,0,0,0,0,0,0,0,0,0.036247297,0,0,0.08018804,0,0,0,0,0,0,0,0,0,0,0,0,0,0,0,0,0,0,0,0,0
KOS-17,Northeast Corner,Buoy 50,Outer,5.35628,163.0236,0,0,0,0,0,0.418448666,0,0,0,0,0,0,0,0,0,0,0,0,0,0,0,0,0,0,0,0,0,0,0,0,0,0,0,0,0,0,0,0,0,0.122548807,0,0,0.432219358,0,0,0,0,0,0,0,0,0,0,0,0,0,0,0,0.368083176,0,0,0,0,0,0,0,0,0.226769552,0,0,0,0,0,0,0,0,0,0,0,0,0,0,0.160270035,0,0,0,0,0,0,0,0,0,0,0,0,0,0,0,0,0,0,0,0,0,0,0,0,0,0,0,0,0,0,0,0,0,0,0,0,0,0,0,0,0,0,0,0,0,0,0,0,0,0,0,0,0,0,0
KOS-17,Northeast Corner,Buoy 50,Outer,5.35628,163.0236,0,0,0,0,0,0.500140548,0,0,0,0,0,0,0,0,0,0,0,0,0,0,0,0,0,0,0,0,0,0,0,0,0,0,0,0,0,0,0,0,0,1.286451662,0,0,0.280452324,0,0,0.082755563,0,0,0,0,0,0,0,0,0,0,0,0.320083588,0,0,0,0,0,0,0,0,0,0.33122551,0,0,0,0,0,0,0,0,0,0,0,0,0,0,0,0,0,0,1.050874673,0,0,0,0,0,0,0,0,0,0,0,0,0,0,0,0,0,0,0,0,0,0,0,0,0,0.403807159,0,0,0,0.096934425,0,0,0,0,0,0,0,0,0,0,0,0,0,0,0,0,0,0,0,0,0
KOS-17,Northeast Corner,Buoy 50,Outer,5.35628,163.0236,0,0,0,0,0,0.33200833,0,0,0,0,0,0,0,0,0,0,0.069415101,0,0,0,0,0,0,0,0,0,0,0,0,0,0.091776886,0.03093627,0,0,0,0,0,0,0,0,0,0,0.328566951,0,0,0,0,0,0,0,0,0,0,0,0,0,0,0,0.839809838,0,0,0,0,0,0,0,0,0.457785065,0,0,0,0,0,0,0,0,0.443981113,0,0,0,0,0,0,0,0,0,0,0,0,0,0,0,0,0,0,0,0,0,0,0.05451776,0,0,0,0,0,0,0,0,0,0,0,0,0,0,0,0,0,0,0,0,0,0,0,0,0,0,0,0,0,0,0,0,0,0,0,0,0,0
KOS-17,Northeast Corner,Buoy 50,Outer,5.35628,163.0236,0,0,0,0,0,0.549040401,0,0,0,0,0,0,0,0,0,0,0,0,0,0,0,0,0,0,0,0,0,0,0,0,0,0,0,0,0,0,0,0,0,1.889307601,0,0,0,0,0,0,0,0,0,0,0,0,0,0,0,0,0,0.380731231,0,0,0,0,0,0,0,0,0,0.066245102,0,0,0,0,0,0.546068952,0,0,0,0,0,0,0,0,0,0,0,0,1.499458082,0,0,0,0,0,0,0,0,0,0,0,0,0,0,0,0,0,0,0,0,0,0,0,0,0,0,0.120171472,0,0,0.115838065,0,0,0,0,0,0,0,0,0,0,0,0,0,0,0,0,0,0,0,0,0
KOS-17,Northeast Corner,Buoy 50,Outer,5.35628,163.0236,0.383514291,0,0,0,0,0.98572019,0,0,0,0,0,0,0,0,0,0,0,0,0,0,0,0,0,0,0,0,0,0,0,0,0,0,0,0,0,0,0,0,0,0,0,0,0,0,0,0,0,0,0,0,0,0,0,0,0,0,0,0,0.365195219,0,0,0,0,0,0,0,0,0,0,0,0,0,0,0,0,0,0,0,0,0,0,0,0,0,0,0,0.840847104,0,0,0,0,0,0,0,0,0,0,0.43201527,0,0,0,0,0,0,0,0,0,0,0,0,0,0,0,0,0,0,0,0,0,0,0,0,0,0,0,0,0,0,0,0,0,0,0,0,0,0,0,0
KOS-17,Northeast Corner,Buoy 50,Outer,5.35628,163.0236,0,0,0,0,0,0.136630803,0,0,0,0,0,0,0,0,0,0,0,0,0,0,0,0,0,0,0,0,0,0,0,0,0,0,0,0,0,0,0,0,0,0.627682198,0,0,0.770619082,0,0,0.043647864,0,0,0,0,0,0,0,0,0,0,0,0.127404105,0,0,0,0,0,0,0,0,0,0,0,0,0,0,0,0,0,0,0,0,0,0,0,0,0,0,0,0,0.092017319,0,0,0,0,0,0,0,0,0,0,0,0,0,0,0,0,0,0,0,0,0,0,0,0,0,0,0,0,0,0,0,0,0,0,0,0,0,0,0,0,0,0,0,0,0,0,0,0,0,0,0
KOS-17,Northeast Corner,Buoy 50,Outer,5.35628,163.0236,0,0,0,0,0,0.379984954,0,0,0,0,0,0,0,0,0,0,0.055763818,0,0,0,0,0,0,0,0,0,0,0,0,0,0,0,0,0,0,0,0,0,0,0,0,0,0.424086462,0,0,0,0,0,0,0,0,0,0,0,0,0,0,0,1.014028686,0,0,0,0,0,0,0,0,0.16052445,0,0,0,0,0,0,0,0,0,0,0,0.226433057,0,0,0,0,0,0,0.576504865,0,0,0,0,0,0,0,0,0,0,0.230754933,0,0,0,0,0,0,0,0,0,0,0,0,0,0,0,0,0,0,0,0,0.14073695,0,0,0,0,0,0,0,0,0,0,0,0,0,0,0,0,0,0,0
KOS-18,Northeast,Buoy 52,Outer,5.342580917,163.0283787,0,0,0,0,0,0.653269172,0,0,0,0,0,0,0,0.527665448,0,0,0.069415101,0,0,0,0,0,0,0,0,0,0.06285233,0,0,0,0.061354879,0,0,0,0,0,0.363149407,0,0,0.122548807,0,0,0.438870392,0,0,0,0,0,0,0,0,0,0,0,0,0,0,0,0,0,0,0,0,0,0,0,0,0.096119933,0,0,0,0,0,0,0.103517665,0,0.443981113,0,0,0,0,0,0,0,0,0,0,0,0,0,0,0,0,0,0,0,0,0,0,0,0,0,0,0,0,0,0,0,0,0,0,0,0,0,0,0,0,0,0,0,0,0,0,0,0,0,0,0,0,0.186730194,0,0,0,0,0,0,0,0
KOS-18,Northeast,Buoy 52,Outer,5.342580917,163.0283787,0,0,0,0,0,0.398017316,0,0,0,0,0,0,0,3.641116128,0,0,0,0,0,0,0,0,0,0,0,0,0.303549381,0,0,0,0,0,0,0,0,0,0,0,0,0,0,0,0.985084948,0,0,0,0,0,0,0,0,0,0,0,0,0,0,0,0,0,0,0,0,0,0,0,0,0.289660063,0,0,0,0,0,0,0,0,0,0,0,0,0,0,0.160270035,0,0,0,0,0,0,0,0,0,0,0,0,0,0,0,0,0.08839171,0,0,0,0,0,0,0.146305091,0,0,0,0,0,0,0,0,0,0,0,0,0,0,0,0,0,0,0,0,0,0,0,0,0,0,0,0,0,0,0
KOS-18,Northeast,Buoy 52,Outer,5.342580917,163.0283787,0,0,0,0,0,0.749675127,0,0,0,0,0,0,0.521606992,0.280085856,0,0,0.069415101,0,0,0,0,0,0,0,0,0,0,0,0,0,0.075581726,0,0,0,0,0,0,0,0,0.167346947,0,0,0.697010285,0,0,0,0,0,0,0,0,0,0,0,0,0,0,0,0,0,0,0,0,0,0,0,0,0.608344274,0,0,0,0,0,0,0,0,0,0,0,0,0,0,0,0,0,0,0,0,0,0,0,0,0,0,0,0,0,0,0,0,0,0,0,0,0,0,0,0,0,0,0,0,0,0,0,0,0,0,0,0,0,0,0,0,0,0,0,0,0,0,0,0,0,0,0,0,0,0
KOS-18,Northeast,Buoy 52,Outer,5.342580917,163.0283787,0,0,0,0,0,0.418122708,0,0,0,0,0,0,0,0,0,0,0,0,0,0,0,0,0,0,0,0,0.051187275,0,0,0,0,0,0,0,0,0,0,0,0,0,0,0,0.2129418,0,0,0,0,0,0,0,0,0,0,0,0,0,0,0,0.517948188,0,0,0,0,0,0,0,0,0.30617005,0,0,0,0,0,0,0,0,0,0,0,0,0,0,0.160270035,0,0,0,0,0,0,0,0,0,0,0,0,0,0,0,0,0.11990979,0,0,0,0,0,0,0,0,0,0,0,0,0,0,0,0,0,0,0,0,0,0,0,0,0,0,0,0,0,0,0,0,0,0,0,0,0,0
KOS-18,Northeast,Buoy 52,Outer,5.342580917,163.0283787,0,0,0,0,0,0.400879848,0,0,0,0,0,0,0,0,0,0,0,0,0,0,0,0,0,0,0,0,0,0,0,0,0,0,0,0,0,0,0,0,0,0.438566567,0,0,0.364890989,0,0,0,0,0,0,0,0,0,0,0,0.113113632,0,0,0,0,0,0,0,0,0,0,0,0,0.247734948,0,0,0,0,0,0,0,0,0,0,0,0,0,0,0,0,0,0,0,0,0,0,0,0,0,0,0,0,0,0,0,0,0,0,0,0,0,0,0,0,0,0,0,0,0,0,0,0,0,0,0,0,0,0,0.281995058,0,0,0,0,0,0,0,0,0,0,0,0,0,0.062687159,0
KOS-18,Northeast,Buoy 52,Outer,5.342580917,163.0283787,0,0,0,0,0,0.273117042,0,0,0,0,0,0,0,0,0,0,0,0,0,0,0,0,0,0,0,0,0.42229134,0,0,0,0,0,0,0.094245749,0,0,0,0,0,0,0,0,0.283656157,0,0,0.067832949,0,0,0,0,0,0,0,0,0,0,0,0,0,0,0,0,0,0,0,0,0,0.080262225,0,0,0,0,0,0,0,0,0,0,0,0,0,0,0,0,0,0,0,0,0,0,0,0,0,0,0,0,0,0.145836681,0,0,0,0,0,0,0,0,0,0,0,0,0,0,0.358460637,0,0,0,0,0,0,0,0,0,0.140997529,0,0,0,0,0,0,0,0,0,0,0,0,0,0,0
KOS-18,Northeast,Buoy 52,Outer,5.342580917,163.0283787,0,0,0,0.770838073,0,0.678586562,0,0,0,0,0,0,0,0.48593357,0,0,0,0,0,0,0,0,0,0,0,0,0.10857527,0,0.069785809,0,0.091776886,0,0,0,0,0,0,0,0,0.167346947,0,0,0.40403352,0,0,0,0,0,0,0,0,0,0,0,0,0,0,0,0,0,0,0,0,0,0,0,0,0.113930184,0,0,0,0,0,0,0.124361463,0,0,0,0,0,0,0,0,0,0,0,0,0,0,0,0,0,0,0,0,0,0,0,0,0,0,0,0,0,0,0,0,0,0,0,0,0,0,0,0,0,0,0,0,0,0,0,0,0,0,0,0,0,0,0,0,0,0,0,0,0,0,0
KOS-18,Northeast,Buoy 52,Outer,5.342580917,163.0283787,0,0,0,0,0,0.315221381,0,0,0,0,0,0,0,0,0,0,0,0,0,0,0,0,0,0,0,0,0,0,0,0,0,0,0,0,0,0,0,0,0,0.122548807,0,0,0.379141546,0,0,0,0,0,0,0,0,0,0,0,0,0,0,0,0,0,0,0,0,0,0,0,0,0.192239866,0,0,0,0,0,0,0,0,0,0,0,0,0,0,0,0,0,0,0,0,0,0,0.097071009,0,0,0,0,0,0,0.398973812,0,0,0,0,0,0,0,0,0,0,0,0,0,0,0.583819035,0,0,0,0,0,0,0,0,0,0,0,0,0,0,0,0,0,0,0,0,0,0,0,0,0
KOS-18,Northeast,Buoy 52,Outer,5.342580917,163.0283787,0,0,0,0,0,0.241760191,0,0,0,0,0,0,0,0.587490248,0,0,0.085268387,0,0,0,0,0,0,0,0,0,0,0,0.069785809,0,0,0,0,0,0,0,0,0,0,0,0,0,0.639078577,0,0,0,0,0,0,0,0,0,0,0,0,0,0,0,0,0,0,0,0,0,0,0,0,0.192239866,0,0,0,0.159472677,0,0,0,0,0,0,0,0,0,0,0,0,0,0,0,0,0,0,0,0,0,0,0,0,0,0,0,0,0,0,0,0,0,0,0,0,0,0,0,0,0.316597072,0,0,0,0,0,0,0,0,0,0,0,0,0,0,0,0,0,0,0,0,0,0,0,0,0
KOS-18,Northeast,Buoy 52,Outer,5.342580917,163.0283787,0,0,0,0,0,0,0,0,0,0,0,0,0,0,0,0,0,0,0,0,0,0,0,0,0,0,0.477586868,0.091905195,0.082786986,0,0,0,0,0,0,0,0,0,0,0.103564864,0,0,0.691004643,0,0,0,0,0,0,0,0,0,0,0,0,0,0,0,0,0,0,0,0,0,0,0,0,0,0,0,0,0,0,0,0.124361463,0,0,0,0,0,0,0,0,0,0,0,0,0,0,0,0,0,0,0,0,0,0,0.056072349,0,0,0,0,0,0,0,0,0,0,0,0,0,0,0,0,0,0,0,0,0,0,0,0,0,0,0,0,0,0,0,0.182157663,0,0,0,0,0,0,0,0
KOS-18,Northeast,Buoy 52,Outer,5.342580917,163.0283787,0,0,0,0,0,0,0,0,0,0,0,0,0,0,0,0,0.069415101,0,0,0,0,0,0,0,0,0,0.149277822,0,0.058181133,0,0,0,0,0,0,0,0,0,0,0,0,0,1.309835968,0,0,0,0,0,0,0,0,0,0,0,0,0,0,0,0,0,0,0,0,0,0,0,0,0,0,0,0,0,0,0,0.148002698,0,0,0,0,0,0,0,0,0,0,0,0,0,0,0,0,0,0,0,0,0,0,0,0,0.07762392,0,0,0,0,0,0,0,0,0,0,0,0,0,0,0,0,0,0,0,0,0,0,0,0,0,0,0,0,0,0,0,0,0,0,0,0,0,0
KOS-18,Northeast,Buoy 52,Outer,5.342580917,163.0283787,0,0,0,0,0,0.771051748,0,0,0,0,0,0,0,0.315330463,0,0,0,0,0,2.582978693,0,0,0,0,0,0,0,0,0,0,0,0,0,0,0,0,0,0,0,0.124289333,0,0,0.642948904,0,0,0,0,0,0,0,0,0,0,0,0,0,0,0,0,0,0,0,0,0,0,0,0,0.133804764,0,0,0,0,0,0,0,0,0,0,0,0,0,0,0,0,0,0,0.56839525,0,0,0,0,0,0,0,0,0,0,0,0,0,0,0,0,0,0,0,0,0,0,0,0,0,0,0,0,0,0,0,0,0,0,0,0,0,0,0,0,0,0,0,0,0,0,0,0,0,0,0
KOS-19,South,Buoy 20,Outer,5.266578421,162.9549519,0,0,0,0.120122878,0,0.143117388,0,0,0,0,0,0,0,0,0,0,0,0,0,0,0,0,0,0,0,0,0,0,0,0,0,0,0,0.052038429,0,0,0,0,0,0.35716339,0,0,0.186968216,0,0,0,0,0,0,0,0,0,0,0,0,0,0,0,0,0,0,0,0,0,0,0,0,0.194192409,0,0,0,0,0,0,0,0,0,0,0.54124265,0,0,0,0,0,0,0,0,0,0,0,0,0,0,0,0.515521431,0,0,0,0,0,0,0,0,0,0,0,0,0,0,0,0,0,0,0,0,0,0.283688024,0,0,0,0,0,0,0,0,0,0,0,0,0,0,0,0,0,0,0,0,0
KOS-19,South,Buoy 20,Outer,5.266578421,162.9549519,0,0,0,0.068645635,0,0.19803928,0,0,0,0,0,0,0,0,0,0,0,0,0,0,0,0,0,0,0,0,0,0,0,0,0,0,0,0,0,0,0,0,0,0.11742247,0,0,0.800614298,0,0,0,0,0,0,0,0,0,0,0,0,0,0,0.434769593,0,0,0,0,0,0,0,0,0,0.043283851,0,0,0,0,0,0,0,0,0,0,0,0,0,0,0,0,0,0,0.34737495,0,0,0,0,0,0,0,0,0,0,0,0,0,0,0,0,0,0,0,0,0,0,0,0,0,0,0,0,0,0.414453767,0,0,0,0,0.327766479,0,0,0,0,0,0,0,0,0,0,0,0,0,0,0,0
KOS-19,South,Buoy 20,Outer,5.266578421,162.9549519,0,0,0,0,0,0.046382664,0,0,0,0,0,0,0,0,0,0,0,0,0,0,0,0,0,0,0,0,0,0,0,0,0,0,0,0,0,0,0,0,0,0.166122312,0,0,0.448549048,0,0,0,0,0,0,0,0,0,0,0,0,0,0,0,0.093888617,0,0,0,0,0,0,0,0,0,0,0,0,0,0,0,0,0,0.443981113,0,0,0,0,0,0,0,0,0,0.298984748,0,0,0,0,0,0,0,0,0,0,0,0,0,0,0,0,0,0,0,0,0,0,0,0,0,0,0,0,0,0.09428083,0,0,0,0,0,0,0,0,0,0,0,0,0,0,0,0,0,0,0,0,0.080415196
KOS-19,South,Buoy 20,Outer,5.266578421,162.9549519,0,0,0.07346119,0,0,0.319947223,0,0,0,0,0,0,0,0,0,0,0,0,0,0,0,0,0,0,0,0,0,0,0,0,0,0,0,0,0,0,0,0,0,0.477639396,0,0,0.792678397,0,0,0,0,0,0,0,0,0,0,0,0,0,0,0,0,0,0,0,0,0,0,0,0,0,0,0,0,0,0,0,0,0,0,0,0,0,0,0,0,0,0,0,0,0,0,0,0,0,0,0,0,0,0,0,0,0,0,0,0,0,0,0,0,0,0,0,0,0,0.074368098,0,0,0,0.096934425,0,0,0,0,0,0,0,0,0,0,0,0,0,0,0,0,0,0,0,0,0
KOS-19,South,Buoy 20,Outer,5.266578421,162.9549519,0,0,0,0,0,0.07346119,0,0,0,0,0,0,0,0,0,0,0,0,0,0,0,0,0,0,0,0,0,0,0,0,0,0,0,0.041483103,0,0,0,0,0,0.775807481,0,0,0.241123769,0,0,0.191276307,0,0,0,0,0,0,0,0,0,0,0,0.090909164,0.181028523,0,0,0,0,0,0,0,0,0,0,0,0,0,0,0,0,0,0.140485445,0.301361495,0,0,0,0,0,0,0,0,0.255022601,0,0,0,0,0,0,0,0,0,0,0,0,0,0,0,0,0,0,0,0,0,0,0,0,0,0,0,0,0,0.46335226,0,0,0,0,0,0,0,0.099358418,0,0,0,0,0,0,0,0,0,0,0,0,0
KOS-19,South,Buoy 20,Outer,5.266578421,162.9549519,0,0,0,0,0,0.284011905,0,0,0,0,0,0,0,0,0,0,0,0,0,0,0,0.239435537,0,0,0,0,0,0,0,0,0,0,0,0,0,0,0,0,0,0.74288287,0,0,0.33429647,0,0,0,0,0,0,0,0,0,0,0,0,0,0,0,0,0,0,0,0,0,0,0,0,0.161869266,0,0,0,0,0,0,0,0,0,0,0,0,0,0,0,0,0.277608641,0,0,0,0,0,0,0,0,0,0,0,0,0,0,0,0,0,0,0,0,0,0,0,0,0,0,0,0,0,0,0,0.41863178,0,0,0,0,0,0,0,0,0,0,0,0,0,0,0,0,0,0,0,0,0
KOS-19,South,Buoy 20,Outer,5.266578421,162.9549519,0,0,0,0.167639334,0,0.26925144,0,0,0,0,0,0,0,0,0,0,0,0,0,0,0,0,0,0,0,0,0,0,0,0,0,0,0,0,0,0,0,0,0,0.143765774,0,0,0.427854016,0,0,0,0,0,0,0,0,0,0,0,0,0,0,0,0.32389344,0,0,0,0,0,0,0,0,0,0,0,0,0,0,0.162040704,0,0,0,0,0,0,0,0,0,0,0,0,0,0,0,0,0,0,0,0,0,0,0,0,0,0,0,0,0,0,0,0,0,0,0,0,0,0,0,0,0,0.07010381,0.024357209,0,0,0,0,0,0,0,0.245325304,0,0,0,0,0,0,0,0,0,0,0,0,0
KOS-19,South,Buoy 20,Outer,5.266578421,162.9549519,0,0,0,0.083819667,0,0.13462572,0,0,0,0,0,0,0,0.142701691,0,0,0,0,0,0,0,0,0,0,0,0,0,0,0,0,0,0,0,0,0,0,0,0,0,0.473532049,0,0,0.294387605,0,0,0,0,0,0,0,0,0,0,0,0,0,0,0,0,0,0,0,0,0,0,0,0,0.107912844,0,0,0,0,0,0,0,0,0.443981113,0,0,0,0,0,0,0,0,0,0.184034638,0,0,0,0,0,0,0,0,0,0,0,0,0,0,0,0,0,0,0,0,0,0,0,0,0,0,0,0,0,0.096934425,0,0,0,0,0,0,0,0,0,0,0,0,0,0,0,0,0,0,0,0,0
KOS-19,South,Buoy 20,Outer,5.266578421,162.9549519,0,0,0,0,0,0.215401152,0,0,0,0,0,0,0,0,0,0,0,1.116202568,0,0,0,0,0,0,0,0,0,0,0,0,0,0,0,0,0,0,0,0,0,0.239122184,0,0,0.320672596,0,0,0,0,0,0,0,0,0,0,0,0,0,0,0,0,0,0,0,0,0,0,0,0,0.043283851,0,0,0.185758227,0,0,0,0,0,0.443981113,0,0,0,0,0,0,0,0,0,0.322122472,0,0,0,0,0,0,0,0,0,0,0,0,0,0,1.595343398,0,0,0,0,0,0,0,0,0,0,0,0,0,0,0,0,0,0,0,0,0,0,0,0,0,0,0,0,0,0,0,0,0,0,0,0
KOS-19,South,Buoy 20,Outer,5.266578421,162.9549519,0,0,0,0.20189354,0,0.107338041,0,0,0,0,0,0,0,0,0,0,0,0,0,0,0,0,0,0,0,0,0,0,0,0,0,0,0,0,0,0,0,0,0,0.798232819,0,0,0.286451704,0,0,0,0,0,0,0,0,0,0,0,0,0,0,0,0,0,0,0,0,0.479440559,0,0,0,0,0,0,0,0,0,0,0,0,0.443981113,0,0,0,0,0,0,0,0,0,0.675968448,0,0.121721734,0,0,0,0,0,0,0,0,0,0,0,0,0,0,0,0,0,0,0,0,0,0,0,0,0,0,0,0.083243178,0,0,0,0,0,0,0,0,0,0,0,0.16056683,0,0,0,0,0,0,0,0,0
KOS-19,South,Buoy 20,Outer,5.266578421,162.9549519,0,0,0,0,0,0.235012054,0,0,0,0,0,0,0,0.179467374,0,0,0,0,0,0,0,0,0,0,0,0,0,0,0,0,0,0,0,0,0,0,0,0,0,0,0,0,0.451548738,0,0,0,0,0,0,0,0,0,0,0,0,0,0,0.646938149,0.498275111,0,0,0,0,0,0,0,0,0,0,0,0,0,0,0.11749862,0,0,0,0,0,0,0,0,0,0,0,0,0,0,0,0,0,0,0,0,0,0,0,0,0,0,0,0,0,0,0,0,0,0,0,0,0,0,0,0,0,0,0,0.071045755,0,0,0,0,0,0,0,0,0,0,0.109863323,0,0,0,0,0,0,0,0,0
KOS-19,South,Buoy 20,Outer,5.266578421,162.9549519,0,0,0,0.10094677,0,0.250455429,0,0,0,0,0,0,0,0,0,0,0,0,0,0,0,0,0,0,0,0,0,0,0,0,0,0,0,0,0,0,0,0,0,0.61526464,0,0,0.507962618,0,0,0,0,0,0,0,0,0,0,0,0,0,0,0.687283949,0,0,0,0,0,0,0,0,0,0,0,0,0,0,0,0,0,0,0,0,0,0,0,0,0,0,0,0,0.197882576,0,0,0,0,0,0,0,0,0,0,0,0,0,0,0,0,0,0,0,0,0,0,0,0,0,0,0,0,0,0.041621589,0,0,0,0,0,0,0,0,0,0,0,0,0,0,0,0,0,0,0,0,0
KOS-20,South,UBR,Inner,5.27805839,162.9626257,0,0,0,0,0,0,0,0,0,0,0,0,0,0,0,0,0,0,2.094940534,0,0,0,0,0,0,0,0,0,0,0,0,0,0.344981786,0,0,0,0,0,0.90981842,0,0,0,0.307374397,0,0,0,0,0,0,0,0,0,0,0,0,0,1.65369153,0,0,0,0,0,0,0,0,0,0,0,0,0,0.835614094,0,0,0,0,0,1.714118782,0,4.772612275,0,0,0,0,0,0,0,0,0,0,0,0,0,0,0,0,0,0,0,0,0,0,0,0,0,0.463534492,0,0,0,0.593043377,0,0,0,0,0,0.160732027,0,0,0,0,0,0,0,0,0,0,0,0,0,0,0,0,0,2.470555582,0,0,0,0,0
KOS-20,South,UBR,Inner,5.27805839,162.9626257,0,0,0,0,0,0,0.488033854,0,0,0,0,0,0,0,0,0,0,0,0,0,0,0,0,0,0,0,0,0,0,0,0,0,0,0,0,0,0,0,0,1.113937179,0,0,0.153212954,0,0,0,0,0,0,0,0,0,0,0,0,0,0,0,0,0,0,0,0,0,0,0,0,1.576192103,0,0,1.04529717,0,0,0,0,0,0.189446897,0,0,0,0,0,0,0,0,0,0,0,0,0,0,0,0,0.471274857,0,0,0,0,0,0,0,0,0,0,0,0,0,0,0,0,0,0,0,0,0,0,0.319124481,0,0.249983682,0,0,0,0,0,0,0,0,0,0,0,0,0,0,0,0,0,0,0
KOS-20,South,UBR,Inner,5.27805839,162.9626257,0,0,0,0,0,0,0,0,0,0,0,0,0,0,0,0,0,0,0,0,0,0,0,0,0,0,0,0,0,0,0,0,0,0,0,0,0,0,0,0.659273984,0,0,0.259683854,0,0,0,0,0,0,0,0,0,0,0,0,0,0,0,0,0,0,0.591724895,0,0,0,0,0,1.639044231,0,0,0.87597086,0,0,0,0,0,0,0,0,0,0,0,0,0,0,0,0,0,0,0,0,0,0,0,0,0,0,0,0.239508972,0,0,0,0,0,0,0,0,0,0,0,0,0,0,0,0,0,0,0,0.249983682,0,0,0,0,0,0,0,0,0,0,0,0,0,6.343955495,0,0,0,0,0
KOS-20,South,UBR,Inner,5.27805839,162.9626257,0,0,0,0,0,0,0.721918414,0,0,0,0,0,0,0,0,0,0,0,0,0,0,0,0,0,0,0,0,0,0,0,0,0,0.455094019,0,0,0,0,0,0,0.318890575,0,0,0.3194127,0,0,0,0,0,0,0,0,0,0,0,0,0,0,0,0,0,0,0,0,0,0,0,0.219674144,0.818753873,0,0,0,0,0,0,0,0,0.140485445,0,0,0,0,0,0,0,0,0,0,0,0,0,0,0,0,0.216367676,0,0,0,0,0.250981128,0,0,0,0,0,0,0,0,0,0,0,0,0,0,0,0,0,0,0,0.571203006,0,0,0,0,0,0,0,0,0,0,0,0,0,0,0,0,0,0,0
KOS-20,South,UBR,Inner,5.27805839,162.9626257,0,0,0,0,0,0,0,0,0,0,0,0,0,0,0,0,0,0,0,0,0,0,0,0,0,0,0,0,0,0,0,0,0,0,0,0,0,0,0,0,0,0,0.460587351,0,0,0.464084886,0,0,0,0,1.50259969,0,0,0,0,0,2.043730837,0,0,0,0,0.881622235,0,0,0,0,0.991705982,1.067361114,0,0,0.410870276,0,0,0,0,0,0,0,0,0,0,0,0,0,0,0,0,0,0,0,0,0,0,0,0,0,0,0,0,0,0,0,0,0,0,0,0,0,0,0,0,0.470805888,0,0,1.417974321,0,0.590506872,0,0,0,0,0,0,0,0,0,0,0,0,0,0,0.631897912,4.476251348,0,0,0,0,0
KOS-20,South,UBR,Inner,5.27805839,162.9626257,0,0,0,0,0,0,0,0,0,0,0,0,0,0,0,0,0,0,0,0,0,0,0,0,0,0,0,0,0,0,0,0,0,0,0,0,0,0,0,0.802824458,0,0,0.353167962,0,0,0.464084886,0,0,0,0,0,0,0,0,0,0,0.921707841,0,0,0,0,0.369162789,0,0,0,0,0,0.569715263,0,0,0,0,0,0,0,2.56742764,0.329932342,0,0,0,0,0,0,0,0,0,0,0,0,0,0,0,0,0,0,0,0,0,0,0,0,0,0,0,0,0,0,0,1.668303812,0,0,0.189537912,0,0,0,0,0,0,0,0,0,0,0,0,0,0,0,0,0,0,0,0,0,0,0,0,0,0
KOS-20,South,UBR,Inner,5.27805839,162.9626257,0,0,0,0,0,0,0,0,0,0,0,0,0,0,0,0,0,0,0,0,0,0,0,0,0,0,0,0,0,0,0,0,0,0,0,0,0,0,0,1.437218908,0,0,0.259683854,0,0,0.369348565,0,0,0,0,0.233387292,0,0,0,0,0,0,0,0,0,0,0.781347477,0,0,0,0,0,0,0,0,0,0,0,0,0,0,0.140485445,0,0,0,0,0,0,0,0,0,0,0,0,0,0,0,0,0,0,0,0,0,0.17619596,0,0,0,0,0,1.306413318,0,0,0,0,0,0,0.520432098,0,0,0.103839114,0,0,0,0,0,0,0,0,0,0,0,0,0,0.045012212,0,0,0,0,0,0,0,0,0
KOS-20,South,UBR,Inner,5.27805839,162.9626257,0,0,0,0,0,0,0,0,0,0,0,0,0,0,0,0,0,0,3.824918862,0,0,0,0,0,0,0,0,0,0,0,0,0,0.106894416,0,0,0.477722078,0,0,0,1.164232053,0,0,0.259683854,0,0,0,0,0,0,0,0.407684893,0,0,0,0,0,0,0,0,0,0,0,0,0,0,0,0,0,1.163722455,0,0,0,0,0,0,0,0,0,0,0,0,0,0,0,0,0,0,0,0,0,0,0,0,1.131711881,0,0,0,0,0,0,0,0,0,0,0,0,0,0,0,0,0,0,0,0,0,0,0,0,0,0,0,0,0,0,0,0,0,0,0.146182022,0,0,0.248527213,5.05079535,0,0,0,0,0
KOS-20,South,UBR,Inner,5.27805839,162.9626257,0,0,0,0,0,0,0,0,0,0,0,0,0,0,0,0,0,0,2.542481904,0,0,0,0,0,0,0,0,0,0,0,0,0,0,0,0,1.310180504,0,0,0.36921211,1.100868099,0,0,0.353167962,0,0,0.574002939,0,0,0,0,0,0,0,0,0,0,0.861615673,0,0,0,0,0,0,0,0,0,0,1.451076781,0,0,0,0,0,0,0,0,0,0.228102062,0,0,0,0,0,0,0,0,0,0,0,0,0,0,0,0,0,0,0,0,0,0,0,0,0,0,0,0,0,0,1.151192919,0,0,0,0,0,0,0,0.64140546,0,0.361427268,0,0,0,0,0,0,0,0,0,0,0,0,0,6.176388955,0,0,0,0,0
KOS-20,South,UBR,Inner,5.27805839,162.9626257,0,0,0,0,0,0,0,0,0,0,0,0,0,0,0,0,0,0,3.824918862,0,0,0,0,0,0,0,0,0,0,0,0,0,0,0,0,0,0,0,0,1.401050598,0,0,0.353167962,0,0,0,0,0,0,0,0,0,0,0,0,0,0.679979921,0,0,0,0,0,0,0,0,0,0.166341775,0.881361518,0.203935925,0,0,0,0,0,0,0,0,0,0,0,0,0,0,0,0,0,0,0,0,0,0,0,0,0,0,0,0,0,0,0,0,0,0,0,0,0,0,0,0.316164757,0,0,0,0,0,0,0,0,0,0.361427268,0,0,0,0,0,0,0,0,0,0.475693895,0,0,0,2.780275189,0,0,0,0,0
KOS-20,South,UBR,Inner,5.27805839,162.9626257,0,0,0,0,0,0,0,0,0,0,0,0,0,0,0,0,0,0,0,0,0,0,0,0,0,0,0,0,0,0,0,0,0,0.154942042,0,0,0,0,0,0,0,0,0.23371027,0,0,0,0,0,0,0,0,0,0,0,0,0,0,0,0,0,0,0,0,0,0,0,0,1.244146799,0,0,0.232550292,0,0,0,0,0,0.329932342,0,0,0,0,0,0,0,0,0,0,0,0,0,0,0,0,0,0,0,0,0,0,0,0,0,0,0,0,0,0,0,0,0,0,0,0,0,0,0,0,0,0.963047232,0,0,0,0,0,0,0,0,0,0,0,0,0,3.633744243,0,0,0,0,0
KOS-20,South,UBR,Inner,5.27805839,162.9626257,0,0,0,0,0,0,0.336943188,0,0,0,0,0,0,0,0,0,0,0,0,0,0,0,0,0,0,0,0,0,0,0,0,0,0.147530368,0,0,0,0,0,0,0.876700505,0,0,0.153212954,0,0,0,0,0,0,0,0,0,0,0,0,0,0,0,0,0,0,0,0,0,0,0,0,0.700095416,0,0,0,0,0,0,0,0,0,0,0,0,0,0,0,0,0,0,0,0,0,0,0,0,0,0,0,0.056072349,0,0,0,0,0,0,0,0,0,0,0,0,0,0,0,0,0,0,0,0,0,0,0,0,0,0,0,0,0,0,0,0,0,0,0,0,0,0,0,0,0,0
KOS-21,Northwest,Yela,Inner,5.329341564,162.9418923,0,0,0,0,0,0,0.307822658,0,0,0,0,0,0,0,0,0,0,0,0,0,0,0,0,0,0,0,0,0,0,0,0,0,0.291898756,0,0,2.488918857,0,0,0,0.985822001,0,0,0.494202662,0,0,0,0,0,0,0,0,0,0,0,0,0,0,0,0,0,0,0,0,0,0,0,0,0,0,0,0,0,0,0,0,0,0,0,0,0,0,0,0,0,0,0,0,0,0,0,0,0,0,0.390370341,0,0,0,0,0.316985021,0,0,0,0,0,0,0,0,0,0,0.437555992,0,0,0,0,0,0,0,0,0,0,0,0,0,0,0,0,0,0,0,0,0,0,0,0,0,0,0,0
KOS-21,Northwest,Yela,Inner,5.329341564,162.9418923,0,0,0,0,0,0,0,0,0.109407713,0,0,0,0,0,0,0,0,0,0,0,0.838539269,0,0,0,0,0,0,0,0,0,0,0,0,0,0,2.876144161,0,0,0,5.254506272,0,0,0.6733892,0,0,0,0,0,0,0,0,0,0,0,0,0,0.3991079,0,0,0,0,0,0,0,0,0,0,0,0,0,0,0,0,0,0,0,0,0,0,0,0,0,0,0,0,0,0,0,0,0,0,0,0,0.390370341,0,0,0,0,0.361528966,0,0,0,0,0,0,0,0,0,0,0,0,0,0,0,0,0.317341246,0.614824354,0,0.321219324,0,0,0,0,0,0,0,0,0,0,0.205320344,0,0,0,0,0,0,0,0
KOS-21,Northwest,Yela,Inner,5.329341564,162.9418923,0,0,0,0,0.708637455,0,0,0,2.755202609,0,0,0,0,0,0,0,0,0,0,0,0,0,0,0,0,0,0,0,0,0,0,0,0,0,0,0,0,0,0,5.705115395,0,0,1.58048867,0,0,0,0,0,0,0,0,0,0,0,0,0,0,0,0,0,0,0,0,0,0,0,0,0,0,0,0,0,0,0,0,0,0,0,0,0,0,0,0,0,0,0,0,0,0,0,0,0,0,0,0,0,0,0,0,0,0,0,0,0,0,0,0,0,0,2.078736121,0,0,0,0,0,2.462970152,1.181070202,0,0.502819284,0,0,0,0,0,0,0,0,0,0,0,0,0,0,0,0,0,0,0
KOS-21,Northwest,Yela,Inner,5.329341564,162.9418923,0,0,0,0,0,0,0,0,1.979846005,0,0,0,0,0,0,0,0,0,0,0,0,0,0,0,0,0,0,0,0,0,0,0,0.291898756,0,6.913374102,0,0,0,0,0.76369166,0,0,0.40403352,0,0,0,0,0,0,0,0,0,0,0,0,0,0,0,0,0.418009194,0,0,0,0,0,0,0,0,0,0,0,0,0,0,0,0,0,0,0,0,0,0,0,0,0,0,0,0,0,0,0,0,0,0,0,0,0,0,0.276378141,0,0,0,0,0,0,0,0,0,0,0,0,0,0,0,0,0.217478987,0,0,0,0,0,1.022539215,0,0,0,0,0,0,0,0,0,0,0,0,0,0,0,0
KOS-21,Northwest,Yela,Inner,5.329341564,162.9418923,0,0,0,0,0,0,0.265267653,0,0,0,0,0,0,0,0,0,0,0,0,0,0,0,0,0,0,0,0.199375578,0,0,0,0,0,0,0,0,0,0,0,0,0.590788556,0,0,0.149897988,0,0,0,0,0,0,0,0,0,0,0,0,0,0,0,0,0,0.208934018,0,0,0,0,0,0,0,0,0,0,0.407698052,0,0,0,0,0.63854207,0,0,0,0,0.921718934,0,0,0,0,0,0,0,0,0,0,0,0,0,0,0,0,0,0,0,0,0,0,0,0,0,0,0,0.900334456,0,0,0,0,0,0.317341246,0,0,0,0,0,1.12203123,0,0,0,0,0,0,0,0,0,0,0,0,0,0,0,0
KOS-21,Northwest,Yela,Inner,5.329341564,162.9418923,0,0,0,0,0,0,0.557481767,0,0,0,0,0,0,0,0,0,0,0,0,0,0,0,0,0,0,0,0,0,0,0,0,0,0,0,0,0,0,0,0,0.844355783,0,0,0.26935568,0,0,0.369348565,0,0,0,0,0,0,0,0,0,0,0,0,0,0,0.506591663,0,0,0.892683038,0,0,0,0.180193263,0,0,0,0.368364255,0,0,0,0,0,0,0.431244051,0,0,0,0,0,0,0,0,0,0,0,0,0,0,0.557020692,0,0,0,0,0,0,0,0,0,0,0,0,0,0,0,0,0,0,0,0,0,0,0,0,0,0,0,0,0,0,0,0,0,0,0,0,0,0,0,0,0,0,0,0
KOS-21,Northwest,Yela,Inner,5.329341564,162.9418923,0,0,0,0,0,0,0.307822658,0,0,0,0,0,0,0,0,0,0,0,0,0,0,0,0,0,0,0,0,0,0,0,0,0,0,0,0,3.201390668,0,0,0,1.129271671,0,0,0.26935568,0,0,0,0,0,0,0,0,0,0,0,0,0,0,0,0,0.333616746,0,0.554624739,0,0,0,0,0,0.50422096,0,0,0,0,0,0,0,0,0,0,0,0,0,0,0,0,0,0,0,0,0,0,0,0,0,0.58432858,1.136384432,0,0,0,0,0,0,0,0,0,0,0,0,0,0,0,0,0,0,0,0,0,0,0,0,0,0,0,0,0,0,0,0,0,0,0,0,0,0,0,0,0,0,0
KOS-21,Northwest,Yela,Inner,5.329341564,162.9418923,0,0,0,0,0,0,0,0,0,0,0,0,0,0,0,0,0,0,0,0,0,0,0,0,0,0,0,0,0,0,0,0,0,0.154942042,0,1.242530409,0,0,0,0.7763258,0,0,0.523491212,0,0,0,0,0,0,0,0,0,0,0,0,0,0,0,0,0,0,0,0,0,0,0,0,0.536088628,0,0,0,0,0,0,0,0,0.281671691,0,0,0,0,0,0,0,0,0,0,0,0,0,0,0,0,0,0,0,0,0,0.239508972,0,0,0,0,0,0,0,0,0,0,0,0,0,0,0,0,0.317341246,0,0,0,0,0,0,0,0,0,0,0,0,0,0,0,0,0,0,0,0.805773838,0,0
KOS-21,Northwest,Yela,Inner,5.329341564,162.9418923,0,0,0,0,0,0,0,0,0,0,0,0,0,0,0,0,0,0,0,0,0,0,0,0,0,0,0,0,0,0,0,0,0,0,4.263290497,0.664095363,0,0,0,1.276815488,0,0,0.26935568,0,0,0,0,0,0,0,0,0,0,0,0,0,0,0,0,0,0,0,0,0,0,0,0,0.236176646,0,0,0,0,0,0,0,0,0,0,0,0,0,0,0,0,0,0,0,0,0,0,0,0,0,0,0,0,0,0,0,0,0,0,0,0,0,0,0,0,0,2.124687138,0,0,0,0,0,0.281267976,0.247121367,0,0.321219324,0,0,0,0,0,0,0,0,0,0,0,0,0,0,0,0,0,0,0
KOS-21,Northwest,Yela,Inner,5.329341564,162.9418923,0.383514291,0,0,0,0,0,0,0,0,0,0,0,0,0,0,0,0,0,0,0,0,0,0,0,0,0,0,0,0,0,0,0,0,0,0,0,0,0,0,2.123013852,0,0,0.329084526,0,0,0.288625279,0,0,0,0,0,0,0,0,0,0,0.321211587,0,0,0,0,0,0,0,0,0,0,0,0,0,0,0,0,0,0,0,0,0,0,0,0,0,0,0,0,0,0,0,0,0,0,0,0,0,0,0,0,0,0,0,0,0,0,0,0,0,0,0,0.456969719,2.891411461,0,0,0,0,0,0.356350255,0,0,0,0,0,0,0,0,0,0,0,0,0,0,0,0,0,0,0,0,0,0
KOS-21,Northwest,Yela,Inner,5.329341564,162.9418923,0,0,0,0,0,0,0,0,0,0,0,0,0,0,0,0,0,0,0,0,0.374571435,0,0,0,0,0,0,0,0,0,0,0,0,0,0,0,0,0,0,2.180379738,0,0,0.26935568,0,0,0.369348565,0,0,0,0,0,0,0,0,0,0,0,0,0,0,0,0,0,0,0,0,0,0,0,0,0,0.739251274,0,0,0,0,0,0,0,0,0,0,0,0,0,0,0,0,0,0,0,0,0,0.355332285,0,0,0,0,0,0,0,0,0,0,0,0,0,0,0,0,0,0,0,0,0.451273716,0,1.116817374,0,0.501911142,0,0,0,0,0,0,0,0,0,0,0,0,0,0,0,0,0,0,0
KOS-21,Northwest,Yela,Inner,5.329341564,162.9418923,0,0,0,0,0,0,0,0,0,0,0,0,0,0,0,0,0,0,0,0,0,0,0,0,0,0,0,0,0,0,0,0,0,0,0,1.00094149,0,0,0,3.133642697,0,0,0.739102586,0,0,0,0,0,0,0,0,0,0,0,0,0,0,0,0,0.418009194,0,0.414857328,0,0,0,0,0,0,0,0,0.474099493,0,0,0,0,0,0,0,0,0,0,1.61585852,0,0,0,0,0,0,0,0,0,0,0,0,0,0,0,0,0,0,0,0,0,0,0,0,0,0,0,3.420697517,0,0,0,0,0,0.604368335,1.839695128,0,0.571203006,0,0,0,0,0,0,0,0,0,0,0,0,0,0,0,0,0,0,0
KOS-23,Southeast Corner,Buoy-14,Outer,5.258907257,162.9896907,0,0,0,0,0,0.139147992,0,0,0,0,0,0,0,0,0,0,0,0,0,0,0,0,0,0,0,0,0,0,0,0,0,0,0,0,0,0,0,0,0,0.938247056,0,0,0.278655186,0,0,0,0,0,0,0,0,0,0,0,0,0,0,0,0,0,0,0,0,0,0,0,0,0,0,0,0.1005936,0,0,0,0,0,0.356870379,0,0,0,0,0,0,0,0,0,0.395765152,0,0,0,0,0,0,0,0,0.034610295,0,0,0,0,0,0,0,0,0,0,0,0.201689139,0,0,0,0,0,0,0,0,0,0,0,0,0.415200307,0,0,0,0.183993978,0,0,0,0,0,0,0,0,0,0,0,0,0
KOS-23,Southeast Corner,Buoy-14,Outer,5.258907257,162.9896907,0,0,0,0.30284031,0,0.569779324,0,0,0,0,0,0,0,0,0,0,0,0,0,0,0,0,0,0,0,0,0,0,0,0,0,0,0,0,0,0,0,0,0,0.4546125,0,0,0.372139294,0,0,0,0,0,0,0,0,0,0,0,0,0,0,0,0,0,0.042381421,0,0,0,0,0,0,0,0,0,0.085164627,0,0,0,0,0,0,0,0,0,0,0,0,0,0,0,0.370512674,0,0,0,0,0,0,0,0,0,0,0,0,0,0,0,0,0,0,0,0,0,0,0,0,0,0,0,0,0,0.635429403,0,0,0,0,0,0,0,0.245325304,0,0,0,0,0,0,0,0,0,0,0,0,0
KOS-23,Southeast Corner,Buoy-14,Outer,5.258907257,162.9896907,0,0,0,0.80757416,0,0.278295984,0,0,0,0,0,0,0,0,0,0,0,0,0,0,0,0,0,0,0,0,0,0,0,0,0,0,0,0,0.786429855,0,0,0,0,0.193424256,0,0,0.280452324,0,0,0,0,0,0,0,0,0,0,0,0,0,0,0.710943114,0,0,0.110714401,0,0,0,0,0,0,0.155855299,0,0,0,0,0,0,0,0,0,0,0,0,0,0,0,0,0,0,0.109262481,0,0,0,0,0,0,0,0,0,0,0,0,0,0,0,0,0,0,0,0,0,0,0,0,0,0,0,0,0,0.359798974,0,0,0,0,0,0,0.164081843,0.061331326,0,0,0,0,0,0,0,0,0,0,0,0,0
KOS-23,Southeast Corner,Buoy-14,Outer,5.258907257,162.9896907,0,0,0,1.21136124,0,0.139147992,0,0,0,0,0,0,0,0,0,0,0,0,0,0,0,0,0,0,0,0,0,0,0,0,0,0,0,0,0,0,0,0,0,0.202477009,0,0,0.280452324,0,0,0,0,0,0,0,0,0,0,0,0,0,0,0,0,0,0.062651935,0,0,0,0,0,0,0,0,0,0,0,0,0,0,0,0.356870379,0,0,0,0,0,0,0,0,0,0.109262481,1.646640396,0,0,0,0,0,0,0,0,0,0,0,0,0,0,0,0,0,0,0,0,0,0,0,0,0,0,0,0,0,0,0,0,0,0,0,0,0,0,0,0,0,0,0,0,0,0,0,0,0,0
KOS-23,Southeast Corner,Buoy-14,Outer,5.258907257,162.9896907,0,0,0,0.523909958,0,0.339251361,0,0,0,0,0,0,0,0,0,0,0,0,0,0,0,0,0,0,0,0,0,0,0,0,0,0,0,0,4.263290497,0,0,0,0,0.588026456,0,0,0.695704316,0,0,0,0,0,0,0,0,0,0,0,0,0,0,0,0,0,0,0,0,0,0,0,0,0,0,0,0,0,0,0,0,0,0,0,0,0,0,0,0,0,0,0,0,0,0,0,0,0,0,0,0,0,0,0,0,0,0,0,0,0,0,0,0,0,0,0,0,0,0,0.24801808,0,0,0.186753599,0,0,0,0,0,0,0,0.183993978,0,0,0,0,0,0,0,0,0,0,0,0,0
KOS-23,Southeast Corner,Buoy-14,Outer,5.258907257,162.9896907,0,0,0,0.30284031,0,0.210706686,0,0,0,0,0,0,0,0,0,0,0,0,0,0,0,0,0,0,0,0,0,0,0,0,0,0,0,0,4.981383159,0,0,0,0.575272059,0.122548807,0,0,0.143225852,0,0,0,0,0,0,0,0,0,0,0,0,0,1.623381137,0,0,0,0,0,0,0.823053346,0,0,0,0,0,0,0,0,0,0,0,0,0,0,0,0,0,0,0,0,0,0,0.197882576,0,0,0,0,0,0,0,0,0,0,0,0,0,0,0,0,0,0,0,0,0,0,0,0,0,0,0.356350255,0,0,0,0,0,0,0,0,0,0,0.061331326,0,0,0,0,0,0,0,0,0,0,0,0,0
KOS-23,Southeast Corner,Buoy-14,Outer,5.258907257,162.9896907,0,0,0,0.70156116,0,0.38738055,0,0,0,0,0,0,0,0,0,0,0,0,0,0,0,0,0,0,0,0,0.199375578,0,0,0,0,0,0,0,0,0,0,0,0,0.461329867,0,0,0.23371027,0,0,0,0,0,0,0,0,0,0,0,0,0,0,0,0,0,0,0,0,0,0,0,0,0.080262225,0,0,0,0.494227412,0,0,0,0,0,0,0,0,0,0,0,0,0,0,0,0,0,0,0,0,0,0,0,0,0,0,0,0,0,0,0,0,0,0.109448789,0,0,0,0,0,0,0,0,0,0,0,0,0,0,0,0,0,0,0,0,0,0,0,0,0,0,0,0,0,0,0,0
KOS-23,Southeast Corner,Buoy-14,Outer,5.258907257,162.9896907,0,0,0,0.10094677,0,0.248555705,0,0,0,0,0,0,0,0,0,0,0,0.700967054,0,0,0,0,0,0,0,0,0,0,0,0,0,0,0,0,0,0,0,0,0,0,0,0,0.259683854,0,0,0,0,0,0,0,0,0,0,0,0,0,0,0,0,0,0,0,0,0,0,0,0,0,0,0,0,0.331553222,1.378684955,0,0,0,0,0,0,0,0,0,0,0,0,0,0,0,0,0,0,0,0,0,0,0,0,0,0,0,0,0,0,0,0,0,0,0,0,0,0,0,0,0,0,0,0,0,0,0,0.567363635,0,0,0,0,0,0,0,0,0,0,0,0,0,0,0,0,0
KOS-23,Southeast Corner,Buoy-14,Outer,5.258907257,162.9896907,0,0,0,0.60568062,0,0.505174926,0,0,0,0,0,0,0,0,0,0,0,0,0,0,0,0,0,0,0,0,0,0,0,0,0,0,0,0,0,0,0,0.287962793,0,0.871328307,0,0,0.815197088,0,0,0,0,0,0,0,0,0,0,0,0,0,0,0,0,0,0,0,0,0,0,0,0,0,0,0,0,0,0,0,0,0,0,0,0,0,0,0,0,0,0,0,0.754145389,0,0,0,0,0,0,0,0,0,0,0,0,0,0,0,0,0,0,0,0,0,0,0,0,0,0,0,0,0,0,0,0,0,0.258160206,0,0,0,0.122662652,0,0,0,0,0,0,0,0,0,0,0,0,0
KOS-23,Southeast Corner,Buoy-14,Outer,5.258907257,162.9896907,0,0,0,0.50473385,0,0.556591968,0,0,0,0,0,0.44594308,0,0,0,0,0,0,0,0,0,0,0,0,0,0,0,0,0,0,0,0,0,0,0,0,0,0,0,0.086683537,0,0,0.447650479,0,0,0,0,0,0,0,0,0,0,0,0,0,0,0,0,0,0,0,0,0,0,0,0,0,0,0,0,0.297190872,0.247523066,0,0,0,0.443981113,0,0,0,0,0,0,0,0,0,0,0,0,0,0,0,0,0,0,0,0,0,0,0,0,0,0,0,0,0,0,0,0.406023448,0,0,0,0,0,0,0,0,0,0,0,0,0,0,0,0,0,0,0,0,0,0,0,0,0,0,0,0,0
KOS-23,Southeast Corner,Buoy-14,Outer,5.258907257,162.9896907,0,0,0,0.40378708,0,0.31964427,0,0,0,0,0,0,0,0,0,0,0,0,0,0,0,0,0,0,0,0,0,0,0,0,0,0,0,0,0,0,0,1.412608171,0,0,0,0,0.280452324,0,0,0,0,0,0,0,0,0,0,0,0,0,0,0,0.089032393,0,0,0,0,0,0,0,0,0,0,0,0,0,0,0.187931108,0,0,0,0,0,0,0,0,0,0,0,0,0,0,0,0,0,0,0,0,0,0,0,0,0,0,0,0,0,0,0,0,0,0,0,0,0,0,0,0.164081843,0,0,0,0,0,0,0.567363635,0,0,0,0,0,0,0,0,0,0,0,0,0,0,0,0,0
KOS-23,Southeast Corner,Buoy-14,Outer,5.258907257,162.9896907,0,0,0,0.50473385,0,0.229396131,0,0,0,0,0,0,0,0,0,0,0,0,0,0,0,0,0,0,0,0,0,0,0,0,0,0,0,0,0,0,0,0,0,0.530028884,0,0,0.23371027,0,0,0,0,0,0,0,0,0,0,0,0,0,0,0,0,0,0,0,0,0,0,0,0,0,0,0,0,0,0,0,0,0,0,0,0,0,0,0,0,0,0,0,0,0,0,0,0,0,0,0,0,0,0,0,0.043993637,0,0,0,0,0,0,0,0,0,0,0,0,0,0,0,0,0,0.130944184,0,0,0,0,0,0,0,0.749618672,0,0,0,0,0,0,0,0,0,0,0,0,0
KOS-24,Northeast,Buoy-53,Outer,5.342580916,163.0283787,0,0,0,0,0,0,0,0,0,0,0,0,0,0.059822458,0,0,0,0,0,0,0,0,0,0,0,0,0,0,0.038873118,0,0,0,0,0,4.263290497,0,0,0,5.409124664,0.352616813,0,0,0.495291102,0,0,0,0,0,0,0,0,0,0,0,0,0,0,0,0,0,0,0,0,0,0,0,0,0,0,0,0,0,0,0,0,0,0,0,0,0,0,0,0,0,0,0,0,0,0,0,0,0,0,0,0,0,0,0,0,0,0,0,0,0,0.585797175,0,0,0,0,0,0,0,0,0,0,0,0,0,0,0,0,0,0,0,0,0,0,0,0,0,0,0,0,0,0,0,0,0
KOS-24,Northeast,Buoy-53,Outer,5.342580916,163.0283787,0,0,0,0,0,0,0,0,0,0,0,0,0,0,0,0,0,0,0,0,0,0,0,0,0,0,0,0,0,0,0,0,0,0.433685536,0,0,0,0,0,0.222130341,0,0,2.373817845,0,0,0,0,0,0,0,2.14602015,0,0,0,0,0,0,0,0,0,0,0,0,0,0,0,0,0,1.508551605,0,0,0,0,0,0,0,2.857937988,0,0,0,0,0,0,0,0,0,1.807699938,0,0,0,0,0,0,0,1.023852944,0,0,0,0,0,0,0,0,0,0,0,0,0,0,0,0,0,0,0,0,0,0,0,0,0,1.056285862,0,0,0,0,0,0,0,0,0,0,0,0,0,0,0,0,0
KOS-24,Northeast,Buoy-53,Outer,5.342580916,163.0283787,0,0,0,0.20189354,0,0.139147992,0,0,0,0,0,0,0,0.218116395,0,0,0,0,0,0,0,0,0,0,0,0,0,0,0,0,0,0,0,0,0,0,0,0,0,0.143765774,0,0,0.699333672,0,0,0,0,0,0,0,0,0,0,0,0,0,0,0,0,0,0,0,0,0,0,0,0,0.080262225,0,0,0.136729404,0,0,0,0,0,0,0,0,0,0,0,0,0,0,0,0.197882576,0,0,0,0,0,0,0,0,0,0,0,0,0,0,0,0,0,0,0,0,0,0,0,0,0,0,0,0,0,0.08018804,0,0,0,0,0,0,0,0,0,0,0,0,0,0,0,0,0,0,0,0,0
KOS-24,Northeast,Buoy-53,Outer,5.342580916,163.0283787,0,0,0,0,0,0.399311704,0,0,0,0,0,0,0,0,0,0,0,0,0,0,0,0,0,0,0,0,0,0,0,0,0,0,0,0,0,0,0,0,0,0.58829242,0,0,7.94612487,0,0,0,0,0,0,0,0,0,0,0,0,0,0,0,0,0,0,0,0,0,0,0,0,0,0,0,0,0,0,0,0,0,0,0,0,0,0,0,0,0,0,0,0.423205392,0,0,0,0,0,0,0,0,0,0,0,0,0,0,0,0,0,0,0,0,0,0,0,0,0,0,0.164081843,0,0,0,0,0,2.367004042,0,0,0,0,0,0,0,0,0,0,0,0,0,0,0,0,0,0
KOS-24,Northeast,Buoy-53,Outer,5.342580916,163.0283787,0,0,0,0.20189354,0,0.185530656,0,0,0,0,0,0,0,0,0,0,0,0,0,0,0,0,0,0,0,0,0.06285233,0,0.058181133,0,0,0,0,0,0,0,0,0,0,0.287962793,0,0,0.563904338,0,0,0.164579958,0,0,0,0,0,0,0,0,0,0,0,0,0,0,0,0,0,0,0,0,0,0.132490204,0,0,0,0,0,0,0,0,0,0,0,0,0,0,0,0,0,0,0,0,0,0,0,0,0,0,0,0,0,0,0,0,0,0,0,0,0,0,0,0,0,0,0,0,0,0,0,0,0,0,0,0,0,0,0,0,0,0,0,0,0,0,0,0,0,0,0,0,0,0
KOS-24,Northeast,Buoy-53,Outer,5.342580916,163.0283787,0,0,0,0,0,0.182868903,0,0,0,0,0,0,0,0,0,0,0,0,0,0,0.518284099,0,0.373204024,0,0,0,0,0,0,0,0,0,0,0,0,0,0,0,0.163743358,0.287962793,0,0,9.07434837,0,0,0,0,0,0,0,0,0,0,0,0,0,0,0,0,0,0,0,0,0,0,0,0,0,0,0,0,0,0,0,0,0,0,0,0,0,0,0,0,0,0,0,1.027010307,0,0,0,0,0,0,0,0,0,0,0,0,0,0,0,0,0,0,0,0,0,0,0,0,0,0,0,0,0,0,0,0,0.605990992,0,0,0,0,0,0,0,0,0,0,0,0,0,0,0,0,0,0
KOS-24,Northeast,Buoy-53,Outer,5.342580916,163.0283787,0,0,0,0,0,0.23191332,0,0,0,0,0,0,0,0,0,0,0,0,0,0,0,0,0,0,0,0,0,0,0,0,0,0,0,0,0,0,0,0,0,0.075211592,0,0,0.514162594,0,0,0,0,0,0,0,0,0,0,0,0,0,0,0,0,0,0,0,0,0,0,0,0,0,0,0,0,0,0,0,0,0,0,0,0,0,0,0,0,0,0,0,0.484935141,0,0,0,0,0,0,0,0,0,0,0,0,0,0,0,0,0,0,0,0,0,0,0,0,0,0,0,0,0,0.041621589,0,0,0,0,0,0,0,0,0,0,0,0,0,0,0,0,0,0,0,0,0
KOS-24,Northeast,Buoy-53,Outer,5.342580916,163.0283787,0,0,0,0.725023278,0,0.399311704,0,0,0,0,0,0,0,0.48593357,0,0,0,0,0,0,0.374571435,0,0,0,0,0,0,0,0,0,0,0,0,0,0,0,0,0,0,0.469460979,0,0,6.42298102,0,0,0,0,0,0,0,0,0,0,0,0,0,0,0,0,0,0,0,0,0,0,0,0,0,0,0,0,0.407698052,0,0,0,0,0,0,0,0,0,0,0,0,0,0,0.932485367,0.941096866,0,0,0,0,0,0,0,0,0,0,0.361528966,0,0,0,0,0,0,0,0,0,0,0,0,0,0,0,0,0,0,0,0.190155756,0,0,0,0,0,0,0,0,0,0,0,0,0,0,0,0,0,0,0
KOS-24,Northeast,Buoy-53,Outer,5.342580916,163.0283787,0,0,0,0.10094677,0,0.185530656,0,0,0,0,0,0,0,0.277522239,0,0,0,1.215252734,0,0,0,0,0,0,0,0,0,0,0.069785809,0,0,0,0,0.353804168,4.263290497,0,0,0,0,0.176133705,0,0,0.420678486,0,0,0,0,0,0,0,0,0,0,0,0,0,0,0,0,0,0,0,0,0.758721667,0,0,0,0,0,0,0,0,0,0,0,0,1.569917724,0,0,0,0,0,0,0,0,0,1.583060608,0,0,0,0,0,0,0,0,0,0,0,0,0,0,0,0,0,1.049331667,0,0,0,0,0,0,0,0,0,0,0,0,0,0,0,0,0,0,0,0,0,0,0,0,0,0,0,0,0,0,0,0,0
KOS-24,Northeast,Buoy-53,Outer,5.342580916,163.0283787,0,0,0,0.663208944,0,0.399311704,0,0,0,0,0,0,0,0,0,0,0,0,0,0,0,0,0,0,0,0,0,0,0,0,0,0,0,0,10.50879219,0,0,0,1.196810796,0,0,0,2.27263379,0,0,0,0,0,0,0,0,0,0,0,0,0,0,0,0,0,0,0,1.823789953,0,0,0,0,0,0,0,0,0,0,0,0,0,1.211309972,0,0,0,0,0,0,0,0,0,0,0,0,0,0,0,0,0.291208943,3.90361512,0,0,0,0,0,0,0,0,0,0,0,0,0,0,0,0,0,0,0,0,0,0,0,0,0,0,0,0,0,0,0,0,0,0,0,0,0,0,0,0,0,0,0
KOS-24,Northeast,Buoy-53,Outer,5.342580916,163.0283787,0,0,0,0,0,0.23191332,0,0,0,0,0,0,0,0,0,0,0,0,0,0,0,0,0,0,0,0,0,0,0,0,0,0,0,0,0,0,0,0,2.723720072,0.058711235,0,0,0.46742054,0,0,0,0,0,0,0,0,0,0,0,0,0,2.421142306,0,0,0,0,0,0,1.515515016,0,0,0,0,0,0,0,0.318945354,0,0,0,0,1.056155181,0,0,0,0,0,0,0,0,0,1.294199876,0,0,0,0,0,0,0,0,0,0,0,0,0,0,0,0,0,0.729203479,0,0,0,0,0,0,0,0,0,0,0,0,0.213137265,0,0,0,0,0,0,0,0,0,0,0,0,0,0,0,0,0,0,0,0
KOS-24,Northeast,Buoy-53,Outer,5.342580916,163.0283787,0,0,0,0.663208944,0,0.693768144,0,0,0,0,0,0,0,0.315330463,0,0,0,0,0,0,0,0,0,0,0,0,0.385892536,0,0,0,0,0,0,0,0,0,0.511209974,0,0,0,0,0,1.999072875,0,0,0,0,0,0,0,0,0,0,0,0,0.203355026,0,0,0,0,0,0,0,0,0,0,0,0.582577227,0,0,0,0,0,0,0,0,0,0,0,0,0,0,0,0,0,0,1.957568222,0,0,0,0,0,0,0,1.369456518,0,0,0,0,0,0,0,0,0,0,0,0,0,0,0,0,0,0,0,0,0,0,0,0,0,0,0,0,0,0,0,0,0,0,0,0,0,0,0,0,0,0,0
KOS-24,Northeast,Buoy-53,Outer,5.342580916,163.0283787,0,0,0,0.10094677,0,0,0,0,0,0,0,0,0,0.19033463,0,0,0,0,0,0,0,0,0,0,0,0,0.127818033,0,0,0,0,0,0,0.082966206,5.479726607,0,0,0,0,0.539263189,0,0,0.46742054,0,0,0,0,0,0,0,0,0,0,0,0,0,0,0,0,0,0,0,0,0,0,0,0,0,0,0,0,0,0,0,0,0,0,0,0,0,0,0,0,0,0,0,0.57410513,0,0,0,0,0,0,0,0.17033094,0,0,0,0,0,0,0,0,0,0,0,0,0,0,0,0,0,0,0,0,0,0,0.087005328,0,0,0,0,0,0,0,0,0,0,0,0,0,0,0,0,0,0,0,0
KOS-24,Northeast,Buoy-53,Outer,5.342580916,163.0283787,0,0,0,1.027863588,0,0,0,0,0,0,0,0,0,0.48593357,0,0,0,0,0,0,0,0,0,0,0,0,0.37275666,0,0,0,0,0,0,0,0,0,0,0,0,0.389477288,0,0,2.373817845,0,0,0,0,0,0,0,1.60083546,0,0,0,0,0,0,0,0,0,0,0,0,0,0,0,0,0.629171493,0,0,0,0,0,0,0,0,0,0,0,0,0,0,0,0,0,0,1.043246863,0,0,0,0,0,0,0,0,0,0,0,0,0,0,0,0,0,0,0,0,0,0,0,0,0,0,0,0,0,0,0,0,0,0,0,0,0,0,0,0,0,0,0,0,0,0,0,0,0,0,0
KOS-24,Northeast,Buoy-53,Outer,5.342580916,163.0283787,0,0,0,0.10094677,0,0.183013467,0,0,0,0,0,0,0,0.280085856,0,0,0,0,0,0,0,0,0,0,0,0,0,0,0,0,0,0,0,0,0,0,0,0,0,0,0,0,0.23371027,0,0,0.220753608,0,0,0,0,0,0,0,0,0,0,0,0,0,0,0,0,0,0.580512944,0,0,0,0.066245102,0,0,0,0,0,0,0,0,0.281671691,0,0,0,0,0,0,0,0,0,0.848670329,0,0,0,0,0,0,0,0,0,0,0,0,0,0,0,0,0,0.988320333,0,0,0,0,0,0,0,0,0,0,0,0,0,0,0,0,0,0,0,0,0,0,0,0,0,0,0,0,0,0,0,0,0
KOS-24,Northeast,Buoy-53,Outer,5.342580916,163.0283787,0,0,0,0.725023278,0,0,0,0,0,0,0,0,0,0.849639721,0,0,0,0,0,0,0,0,0,0,0,0,0,0,0,0,0,0,0,0,0,0,0,0,0,0.73179223,0,0,3.02212373,0,0,0,0,0,0,0,0,0,0,0,0,0,0,0,0,0,0,0,0,0,0,0,0,0.894287825,0,0,0,0,0,0,0,0,0.599503715,0,0,0,0,0,0,0,0,0,0.932485367,0,0,0,0,0,0,0,0,0,0,0,0,0,0,0,0,0,0,0,0,0,0,0,0,0,0,0,0,0,0,0,0,0,0,0,0,0,0,0,0,0,0,0,0,0,0,0,0,0,0,0
KOS-24,Northeast,Buoy-53,Outer,5.342580916,163.0283787,0,0,0,0,0,0.417443976,0,0,0,0,0,0,0,0,0,0,0,0,0,0,0,0,0,0,0,0,0,0,0,0,0,0,0,0,0,0,0,0,0,0.18137157,0,0,0.327194378,0,0,0.034108369,0,0,0,0,0,0,0,0,0,0,0,0,0,0,0,0,0,0,0,0,0,0,0,0,0,0,0,0,0,0,0.443981113,0,0,0,0,0,0,0,0,0,0.593647728,0,0,0,0,0,0,0,0,0,0,0,0,0,0,0,0,0,2.705844145,0,0,0,0,0,0,0,0,0,0,0,0,0,0,0,0,0,0,0,0,0,0,0,0,0,0,0,0,0,0,0,0,0
KOS-24,Northeast,Buoy-53,Outer,5.342580916,163.0283787,0,0,0,0.693598297,0,0,0,0,0,0,0,0,0,0,0,0,0,0,0,0,0,0,0.83271962,0,0,0,0,0,0,0,0,0,0,0,0,0,0,0,0,0.510093134,0,0,3.02212373,0,0,0,0,0,0,0,0,0,0,0,0,0.665226682,0,0,0,0,0,0,0,0,0,0,0,0.695426265,0,0,0.232550292,0,0,0,0,0,0,0,0,0,0,0,0,0,0,0,0,0,0,0,0,0,0,0,0,1.336199739,0,0,0,0,0,0,0,0,0,0,0,0,0,0,0,0,0,0,0,0,0,0,0,0,0,0,0,0,0,0,0,0,0,0,0,0,0,0,0,0,0,0
KOS-24,Northeast,Buoy-53,Outer,5.342580916,163.0283787,0,0,0,0,0,0.278295984,0,0,0,0,0,0,0,0,0,0,0,0,0,0,0,0,0,0,0.280804978,0,0,0,0,0,0,0,0,0.064266061,0,0,0,0,0,0.143765774,0,0,0.46742054,0,0,0.164579958,0,0,0,0,0,0,0,0,0,0,0,0,0,0,0,0,0,0,0,0,0,0,0,0,0,0,0,0,0,0,0,0,0,0,0,0,0,0,0,0,0.149492374,0,0,0,0,0,0,0,0,0,0,0,0,0,0,0,0,0,1.574117508,0,0,0,0,0,0,0,0,0,0,0,0.186753599,0,0.069135717,0,0.371265101,0,0,0,0,0,0,0,0,0,0,0,0,0,0,0,0,0
KOS-24,Northeast,Buoy-53,Outer,5.342580916,163.0283787,0,0,0,0,0,0,0,0,0,0,0,0,0,0,0,0,0,0,0,0,0,0,0,0,0,0,0,0,0,0,0,0,0,0,0,0,0,0,0,0.222130341,0,0,3.02212373,0,0,0,0,0,0,0,0,0,0,0,0,0,0,0,0,0,0,0,0,0,0,0,0,1.210667574,0.356434801,0,0.398644655,0,0,0,0,0,0,0,0,0,0,0,0,0,0,0,0.321482264,0,0,0,0,0,0,0,0.654456935,0,0,0,0,0,0,0,0,0,1.987162237,0,0,0,0,0,0,0,0,0,0,0,0,0,0.1642076,0,0,0,0,0,0,0,0,0,0,0,0,0,0,0,0,0,0,0
KOS-24,Northeast,Buoy-53,Outer,5.342580916,163.0283787,0,0,0,0.20189354,0,0.42125459,0,0,0,0,0,0,0,0,0,0,0,0,0,0,0,0,0,0,0,0,0,0,0,0,0,0,0,0,0,0,0,0,0,0.037605796,0,0,0.23371027,0,0,0,0,0,0,0,0,0,0,0,0,0,7.397956202,0,0,0,0,0,0,0,0,0,0,0,0,0,0,0,0.563793324,0,0,0,0,0,0,0,0,0,0.109287941,0,0,0,0,1.184693044,0,0,0,0,0,0,0,0,0,0,0,0,0,0,0,0,4.539078507,0,0,0,0,0,0,0,0,0,0,0,0,0,0,0,0,0,0,0,0,0,0,0,0,0,0,0,0,0,0,0,0,0
KOS-24,Northeast,Buoy-53,Outer,5.342580916,163.0283787,0,0,0,0,0,0.779463834,0,0,0,0,0,0,0,0.353425407,0,0,0,0,0,0,0,0,0,0,0,0,0.199375578,0,0,0,0,0,0,0,0,0,0,0,0,1.951488232,0,0,3.02212373,0,0,0,0,0,0,0,0,0,0,0,0,0,0,0,0,0,0,0,0,0,0,0,0,0,0,0,0,0,0,0,0,0,0,0,0,0,0,0,0,0,0,0,2.221369639,1.646640396,0,0,0,0,0,0,0,0,0,0,0,0,0,0,0,0,0,0,0,0,0,0,0,0,0,0,0,0,0,0,0,0,0,0,0,0,0,0,0,0,0,0,0,0,0,0,0,0,0,0
KOS-24,Northeast,Buoy-53,Outer,5.342580916,163.0283787,0,0,0,0,0,0,0,0,0,0,0,0,0,0.230025589,0,0.965397412,0,0,0,0,0,0,0,0,0,0,0.127818033,0,0,0,0,0,0,0,0,0,0,0,1.196810796,0.247330638,0,0,0,0,0,0,0,0,0,0,0,0,0,0,0,0,0.767415619,0.372438053,0,0,0,0,0,0,0,0,0,0.240786675,0,0,0,0,0,0,0,0,0,0,0,0,0,0,0.109287941,0,0,0,0,0,0,0,0,0,0,0,0,0,0,0,0,0,0,0,0,0,3.148235016,0,0,0,0,0,0,0,0,0,0,0,0.115838065,0.045331406,0,0,0,0,0,0,0,0,0,0,0,0,0,0,0,0,0,0,0,0
KOS-24,Northeast,Buoy-53,Outer,5.342580916,163.0283787,0,0,0,0.60977863,0,0,0,0,0,0,0,0,0,0,0,0,0,0,0,0,0,0,0,0,0,0,0,0,0,0,0,0,0,0.535589973,0,0,0,0,0,1.308644372,0,0,4.54526758,0,0,0,0,0,0,0,0,0,0,0,0,0,0,0,0,0,0,0,0,0,0,0,0,0.539570966,0,0,0,0,0,0,0,0,0,0,0,0,0,0,0,0,0,0,0,0,0,0,0,0,0,0,0,0,0,0,0,0,0,0,0,0,1.834677344,0,0,0,0,0,0,0,0,0,0,0,0,0,0,0,0,0,0,0,0,0,0,0,0,0,0,0,0,0,0,0,0,0
KOS-25,West,Buoy-31 Walung,Outer,5.312296603,162.9007034,0,0,0,0,0,0.183013467,0,0,0,0,0,0,0,0,0,0,0,0,0,0,0,0,0,0,0,0,0,0,0,0,0,0,0,0,0,0,0,0,0,0.167346947,0,0,0.268618164,0,0,0,0,0,0,0,0,0,0,0,0,0,0,0,0,0,0,0,0,0,0,0,0,0.16052445,0,0,0,0,0,0,0,0,0,0,0,0,0,0,0,0,0,0,0,0,0,0,0,0,0,0,0,0,0,0,0,0,0,0,0,0,0,0,0,0,0,0,0,0,0,0,0,0,0.302591664,0,0,0,0,0,0,0,0,0,0,0,0,0,0,0,0,0,0,0,0,0
KOS-25,West,Buoy-31 Walung,Outer,5.312296603,162.9007034,0,0,0,0,0,0.058891288,0,0,0,0,0,0,0,0.995571274,0,0,0,0,0,0,0,0,0,0,0,0,0,0,0,0,0,0,0,0,0,0,0,0,1.514585604,0.253598526,0,0,0.676136382,0,0,0,0,0,0,0,0,0,0.693314429,0,0,0,0,0,0,0,0,0,0,0,0,0,0,0,0,0,0,0,0,0,0,0,0,0,0,0,0,0,0,0,0,0,0,0,0,0,0,0,0,0,0.692264799,0,0,0,0,0,0,0,0,0,0,0,0,0,0.779500572,0,0,0,0,0,0,0,0,0,0,0,0,0,0,0,0,0,0,0,0,0,0,0,0,0,0,0,0,0
KOS-25,West,Buoy-31 Walung,Outer,5.312296603,162.9007034,0,0,0,0,0,0.183013467,0,0,0,0,0,0,0,0,0,0,0,0,0,0,0,0,0,0,0,0,0.464235583,0,0,0,0,0,0,0,0,0,0,0,0,0.265199493,0,0,0.107419389,0,0,0,0,0,0,0,0,0,0,0,0,0,0,0,0,0,0,0,0,0,0,0,0,0.212752429,0,0,0,0,0,0,0,0,0,0,0,0,0,0,0,0,0,0,0,0,0,0,0,0,0,0,0,0,0,0,0,0,0,0,0.443302386,0,0,0.062245918,0,0,0,0,0,0,0,0,0,0.217478987,0,0,0,0,0,0,0,0,0,0,0,0,0,0,0,0,0,0,0,0,0,0
KOS-25,West,Buoy-31 Walung,Outer,5.312296603,162.9007034,0,0,0,0.438342928,0,0,0,0,0,0,0,0,0,0.247579592,0,0,0,0,0,0,0,0,0,0,0,0,0,0,0,0,0,0,0,0,0,0,0,0,4.239342825,1.539236872,0,0,0.59728846,0,0,0,0,0,0,0,0.144422232,0,0,0,0,0,0,0,0,0,0,0,0,0,0,0,0.958675716,0,0,0,0,0,0,0,0,0,2.521232758,0,0,0,0,0,0,0,3.077528788,0,1.03872968,0,0.381374068,0,0,0,0,0,0.513704232,0,0,0,0,0,0,0,0,0,0,0,0,0,1.842699685,0.20297982,0,0,0,0,0,0,0,0,0,0,0,0,0,0,0,0,0,0,0,0,0,0,0,0,0,0,0,0
KOS-25,West,Buoy-31 Walung,Outer,5.312296603,162.9007034,0,0.109407713,0,0.083819667,0,0.166226518,0,0,0,0,0,0,0,0,0,0,0,0,0,0,0,0,0,0,0,0,0,0,0,0,0,0,0,0,0,0,0,0,0.326956029,0.161895129,0,0,0.218578786,0,0,0,0,0,0,0,0,0,0,0,0,0,0,0,0,0,0,0,0,0,0,0,0,0.053956422,0,0,0,0,0,0,0,0,0,0,0,0,0,0,0,0,0,0,0.57979979,0,0,0,0,0,0,0,0,0,0,0,0,0,0,0,0,0,0,0,0,0,0,0,0,0,0,0,0,0.036247297,0.065472092,0.087005328,0,0,0,0,0,0,0,0,0,0,0,0,0,0,0,0,0,0,0,0
KOS-25,West,Buoy-31 Walung,Outer,5.312296603,162.9007034,0,0,0,0.499937898,0,0,0,0,0,0,0,0,0,0,0,0,0,0,0,0,0,0,0,0,0,0,0,0,0,0,0,0,0,0,0,0,0,0.749968458,4.637683596,1.381125449,0,0,0.418101922,0,0,0.288625279,0,0,0,0,0,0,0,0,0,0,0,0,0,0,0,0,0,0,0,0,1.58570704,0,0,0,0,0.494227412,0,0,0,0,1.969007528,0,0,0,0,0,0,0,0,0,0,0,0,0,0,0,0,0,0.684938976,0,0,0,0,0.16194277,0,0,0,0,0,0,0,0,1.578422079,0,0,0,0,0.59935071,0,0,0,0,0,0,0,0,0,0,0,0,0,0,0,0,0,0,0,0,0,0,0,0
KOS-25,West,Buoy-31 Walung,Outer,5.312296603,162.9007034,0.134803819,0,0,0,0,0.139147992,0,0,0,0,0,0,0,0,0,0,0,0,0,0,0,0,0,0,0,0,0,0,0,0,0,0,0,0,0,0,0,0,0.575272059,0.139165673,0,0,0.294387605,0,0,0,0,0,0,0,0,0,0,0,0,0,0,0,0,0,0,0,0,0,0,0,0,0.066245102,0,0,0.205435138,0,0,0,0,0,2.579312497,0,0,0,0,0,0,0,0,0,0.593647728,0,0,0,0,0,0,0,0,0,0,0,0,0,0,0,0,0,0,0,0,0,0,0,0,0,0,0,0,0.328163686,0.196026105,0,0,0,0,0.157479178,0,0,0,0,0,0,0,0,0,0,0,0,0,0,0,0
KOS-25,West,Buoy-31 Walung,Outer,5.312296603,162.9007034,0,1.10191785,0,0.249968949,0,0.638633598,0,0,0,0,0,0,0,0,0,0,0,3.340355652,0,0,0,0,0,0,0,0,0,0,0,0,0,0,0,0,1.729565637,0,0,0,0,1.407370584,0,0,0.505299306,0,0,0,0,0,0,0,0,0,0,0,0,0,0,0,0,0,0,0,0,0,0,0,0,0,0,0,0,0.208045903,0,0,0,0,1.892142429,0,0,0,0,0,0,0,0,0,0.905810354,0,0,0,0,0,0,0,0,0,0,0,0,0,0,0,0,1.666690441,0,0,0,0,0,0.74405424,0,0,0,0,0,0,0,0,0,0,0,0,0,0,0,0,0,0,0,0,0,0,0,0,0,0,0,0
KOS-25,West,Buoy-31 Walung,Outer,5.312296603,162.9007034,0,0,0,0.10094677,0,0,0,0,0,0,0,0,0,0,0,0,0,0,0,0,0,0,0,0,0,0,0,0,0,0,0,0,0,0,0,0,0.405258916,0,0.36921211,0.33719003,0,0,0.327194378,0,0,0,0,0,0,0,0,0,0,0,0,0,0,0,0,0,0,0,0,0,0,0,0,0.080262225,0,0,0,0,0,0,0,0,0,0,0,0,0,0,0,0,0,0,0.396315046,0,0,0,0,0,0,0,0,0,0,0,0,0,0,0,0,0,0,0,0,0,0,0,0,0,0,0,0,0,0.496824268,0.353283717,0,0,0,0,0,0,0,0,0,0,0,0,0,0,0,0,0,0,0,0
KOS-25,West,Buoy-31 Walung,Outer,5.312296603,162.9007034,0,0,0,0,0,0,0,0,0,0,0,0,0,0,0,0,0,3.340355652,0,0,0,0,0,0,0,0,0.332034987,0,0,0,0,0,0.329094176,0,0,0,0,0,2.393621592,1.623372957,0,0,0.224846982,0,0,0,0,0,0,0,0,0,0,0,0,0,0,0,0,0,0,0,0,0,0,0,0,0,0,0,0.327736029,0,0,0,0,0,0.217581047,0,0,0,0,0,0,0,0,0,0.321482264,0,0,0,0,0,0.265201593,0,1.591209558,0,0,0,0,0,0,0,0,0,0,0,0,0,0,0,0,0,0,0,0,0.217478987,0,0,0,0,0,0,0,0,0,0,0,0,0.483573878,0,0,0.569256198,0,0,0,0,0,0
KOS-25,West,Buoy-31 Walung,Outer,5.312296603,162.9007034,0,0,0,0,0,0.058891288,0,0,0,0,0,0,0,0,0,0,0,0,0,0,0,0,0,0,0,0,0,0,0,0,0,0,0,0,0,0,0,0,0,0.284824906,0,0,0.327194378,0,0,0,0,0,0,0,0,0,0,0,0,0,0,0,0,0,0,0,0,0,0,0,0,0,0,0,0,0,0,0,0,0,0,0,0,0,0,0,0,0,0,0,0,0,0,0,0,0,0,0,0,0,0,0,0,0,0,0,0,0,0,0,0,0,0,0,0,0,0,0,0,0,0.096934425,0,0,0,0,0,0,0.140997529,0,0,0,0,0,0,0,0,0,0,0,0,0,0
KOS-25,West,Buoy-31 Walung,Outer,5.312296603,162.9007034,0,0,0,0.716466446,0,4.74302309,0,0,0,0,0,0,0,0.285403382,0,0,0,3.340355652,0,0,0,0,0,0,0,0,0,0,0,0,0,0,0,0,0,0,0,0,2.20375387,1.164817288,0,0,0.449693964,0,0,0,0,0,0,0,0,0,0.536686351,0,0,0,0,0,0,0,0,0,0,0,0,0,0,0,0,0,0,0,0,0,0,0,0.443981113,0,0,0,0,0,0,0,0,1.06187777,2.55022601,0,0,0,0,0,0,0,0,0,0,0,0,0,0,0,0,0,0,0,0,0,0,0,0,0,0,1.069050765,0,0,0.319124481,0.76063638,0,0,0.822152192,0,0,0,0,0,0,0,0,0,0,0,0,0,0,0,0,0
KOS-25,West,Buoy-31 Walung,Outer,5.312296603,162.9007034,0,0,0,0,0,0.453757884,0,0,0,0,0,0,0,0,0,0,0,0,0,0,0,0,0,0,0,0,0,0,0,0,0,0,0,0.064266061,0,0,0,0,0,0.233814411,0,0,0.186968216,0,0,0,0,0,0,0,0,0,0,0,0,0,0,0,0,0,0,0,0,0,0,0,0,0,0,0,0,0,0,0,0,0,0,0,0,0,0,0,0,0,0,0,0.25679016,0,0,0,0,0,0,0,0,0,0,0,0,0,0,0,0,0,0,0,0,0,0,0,0,0,0,0,0,0,0.199081243,0,0,0,0,0,0,0,0,0,0,0,0,0,0,0,0,0,0,0,0,0
KOS-25,West,Buoy-31 Walung,Outer,5.312296603,162.9007034,0,0,0,0,0,0.262190626,0,0,0,0,0,0,0,0,0,0,0,0,0,0,0,0,0,0,0,0,0,0,0,0,0,0,0,0,0,0,0,0,4.66113943,0.793609862,0,0,0.599591952,0,0,0,0,0,0,0,0,0,0,0,0,0,0,0,0,0,0,0,0,0,0,0,0,0,0,0,0.205435138,0,0,0,0,0,0.854050275,0.129594976,0,0,0,0,0,0,0,0,1.60741132,0,0,0,0,0,0,0,0,0,0,0,0,0,0,0,0,0,0,0,0,0,0,0.562489012,0,0,0.990468227,0,0,0,0,0.399582815,0,0,0,0,0,0,0,0,0,0,0,0,0,0,0,0,0,0,0,0
KOS-25,West,Buoy-31 Walung,Outer,5.312296603,162.9007034,0,0,0,0,0,0.212609182,0,0,0,0,0,0,0,0,0,0,0,0,0,0,0,0,0,0,0,0,0,0,0,0,0,0,0,0,0,0,0,0,0,0.204106007,0,0,0.23371027,0,0,0.220753608,0,0,0,0,0,0,0,0,0,0,0,0,0,0,0,0,0,0,0,0,0,0.053956422,0,0,0,0,0,0,0,0,0,0,0,0,0,0,0,0,0,0,0,0,0,0,0.044985037,0,0,0,0,0,0,0,0,0,0,0,0,0,0,0,0,0,0,0,0,0,0,0,0,0,0.090336007,0.27190713,0,0,0,0,0,0,0,0,0,0,0,0,0,0,0,0,0,0,0,0
KOS-25,West,Buoy-31 Walung,Outer,5.312296603,162.9007034,0,0,0,0.358233223,0,0,0,0,0,0,0,0,0,0,0,0,0,0,0,0,0,0,0.234080552,0,0,0,0,0,0,0,0,0,0,0,0,0,0,0,7.815263308,0.745222917,0,0,0.599591952,0,0,0,0,0,0,0,0,0,0,0,0,0,0,0,0,0,0,0,0,0,0,0,0,0,0,0,0,0,0,0,0,0,0.974121958,0.34831877,0,0,0,0,0,0,0,0,1.703487385,0,0,0,0,0,0,0,0,0,0,0,0,0,0,0,0,0,0,0,0,0,0,0,0,0,0,0,0,0,0.614824354,0,0,0,0.567363635,0,0,0,0,0,0,0,0.30112721,0,0,0,0,0,0,0,0,0
KOS-25,West,Buoy-31 Walung,Outer,5.312296603,162.9007034,0,0,0,0,0,0.136630803,0,0,0,0,0,0,0,0,0,0,0,0,0,0,0,0,0,0,0,0,0,0,0,0,0,0,0,0,0,0,0,0,0,0.086683537,0,0,0.258581142,0,0,0,0,0,0,0,0,0,0,0,0,0,0,0,0,0,0,0,0,0,0,0,0,0.053956422,0,0,0,0,0,0,0,0,0,0,0,0,0,0,0,0,0,0,0,0,0,0,0,0,0,0,0,0,0,0,0,0,0,0,0,0,0,0,0,0,0,0,0,0,0,0,0,0,0.475637039,0,0,0,0,0,0,0,0,0,0,0,0,0,0,0,0,0,0,0,0,0
KOS-25,West,Buoy-31 Walung,Outer,5.312296603,162.9007034,0,0,0,0,0,0.282881723,0,0,0,0.322992298,0,0,0,0,0,0,0,0,0,0,0,0,0,0,1.421545543,0,0,0,0,0,0,0,0,0,0,0,0,0,8.617298076,1.249660556,0,0,0.899387928,0,0,0,0,0,0,0,0,0,0,0,0,0,0,0,0,0,0,0,0,0,0,0,0,0.803698156,0,0,0,0,0,0,0,0,0,0.399799426,0,0,0,0,0,0,0,0,2.372479123,0,0,0,0,0,0,0,0,0,0,0,0,0,0,0,0,0,0,0,0,0,0,0.281267976,0,0,0.687424315,0,0,0,0,0,0,0,0,0,0,0,0,0,0,0,0,0,0,0,0,0,0,0,0,0
KOS-25,West,Buoy-31 Walung,Outer,5.312296603,162.9007034,0,0,0,0,0,0,0,0,0,0,0,0,0,0,0,0,0,0,0,0,0,0,0,0,0,0,0,0,0,0,0,0,0,0.052038429,0,0,0,0,0,0,0,0,0.23371027,0,0,0,0,0,0,0,0,0,0,0,0,0,0,0,0,0,0,0,0,0,0,0,0,0.188175069,0,0,0,0,0,0,0,0,0,0,0,0,0,0,0,0,0,0,0.184034638,0,0,0,0,0,0,0,0,0,0,0,0.033995476,0,0,0,0,0,0,0,0,0,0,0.045923228,0,0,0,0.120171472,0,0,0.266941639,0,0,0,0,0,0,0,0,0,0,0,0,0,0,0,0,0,0,0,0,0
KOS-25,West,Buoy-31 Walung,Outer,5.312296603,162.9007034,0,0,0,0.319415356,0,0,0,0,0,0,0,0,0,0,0,0,0,0,0,0,0,0,0,0,0,0,0,0,0.548254114,0,0,0,0,0,0,0,0,0,6.81013022,0.691276389,0,0,0.74948994,0,0,0,0,0,0,0,0,0,0,0,0,0,0,0,0,0,0,0,0,0,0,0,0.639117144,0,0,0,0.445467225,0,0,0,0,0,0,0,0,0,0,0,0.218575882,0,0,0.662454959,1.285929056,0,0,0,0,0,0,0,0,0,0,0,0,0,0,0,0,0,0,0,0,0,0,0.38156083,0,0,0,0,0,0,0,0,0,0.605990992,0,0,0,0,0,0,0,0,0,0,0,0,0,0,0,0,0,0
KOS-25,West,Buoy-31 Walung,Outer,5.312296603,162.9007034,0,0,0,0,0,0.092765328,0,0,0,0.131095313,0,0,0,0,0,0,0,0,0,0,0,0,0,0,0,0,0,0,0,0,0,0,0,0,0,0,0,0,0,0.289072623,0,0,0.140226162,0,0,0,0,0,0,0,0,0,0,0,0,0,0,0,0,0,0,0,0,0,0,0,0,0,0,0,0,0,0,0,0,0,0,0,0,0,0,0,0,0,0,0,0,0,0,0,0,0,0,0,0,0,0,0,0,0,0,0,0,0,0,0,0,0,0,0,0.317341246,0,0,0.34950799,0,0.164081843,0.269996777,0.236485279,0,0,0,0,0,0.24801808,0,0,0,0,0,0,0,0,0,0,0,0,0,0
KOS-25,West,Buoy-31 Walung,Outer,5.312296603,162.9007034,0,0,0,0.716466446,0,0,0,0,0,0,0,0,0,0.435399562,0,0,0,0,0,0,0,0,0.205794871,0,0,0,0,0,0.130875857,0,0,0,0,0,0,0,0,0,8.967382182,0.669387788,0,0,0.80806704,0,0,0,0,0.436474466,0,0,2.614464015,0,0,0,0,0,0,0,0,0,0,0,0,0,0,0,0,0,0,0,0,0,0,0,0,0,4.099048035,0,0,0,0,0,0.460230366,2.382821793,0.318694571,0,1.14821026,0,0,0,0,0,0,0,0,0,0,0,0,0,0,0,0,0,0,0,0,0,0,0,0,0,0,0,0,0,0,0,0,0.305186127,0,0,0,0,0,0,0,0,0,0,0,0,0,0,0,0,0,0
KOS-25,West,Buoy-31 Walung,Outer,5.312296603,162.9007034,0,0,0,0,0,0.212609182,0,0,0,0,0,0,0,0,0,0,0,0,0,0,0,0,0,0,0,0,0,0,0,0,0,0,0,0.052038429,0,0,0,0,0.92756091,0.067069614,0,0,0.186968216,0,0,0,0,0,0,0,0,0,0,0,0,0,0,0,0,0,0,0,0,0,0,0,0,0.034114844,0,0,0.059144638,0,0,0,0,0,0,0,0,0,0,0,0,0,0,0,0.149492374,0,0,0,0,0,0,0,0,0,0,0,0,0,0,0,0,0,0,0,0,0,0,0,0,0,0,0.265571753,0,0.317341246,0.397444551,0,0,0,0,0,0,0,0,0,0,0,0,0,0,0,0,0,0,0,0,0
KOS-25,West,Buoy-31 Walung,Outer,5.312296603,162.9007034,0,0,0,0,0,0,0,0,0,0,0,0,0,0,0,0,0,1.670177826,0,0,0,0,0,0,0,0,0,0,0,0,0,0,0,0,0,0,0,0,2.20375387,1.344581305,0,0,0.465792465,0,0,0,0,0,0,0,0,0,0,0,0,0,0,0,0,0,0,0,0,0,0,0,1.79318864,0,0,0,0,0,0,0,0,0,0,0,0,0,0,0,0,0,0,0,0.795628122,0,0,0,0,0,0,0,0,0,0,0,0,0,0,0,0,0,0,0,0,0,0,0.217478987,0,0,0,0,0,0,1.00398604,1.652077059,0,0,0,0,0,0,0,0,0,0,0,0,0,0,0,0,0,0,0,0
KOS-26,Northwest Corner,KCSO Tafunsak MPA,Inner,5.361081166,162.9681887,0,0,0,0,0,0,0,0,0,0,0,0,0,0,0,0,0,0,0,0,0,0,0,0,0,0,0,0,0,0,0,0,0,0,0,0,0,0,0.067139264,0.058711235,0,0,0,0,0,0,0,0,0.025153982,0,0,0,0,0,0,0,0,0.150761432,0,0,0,0,0,0,0,0,0,0.059508585,0,0,0,0,0,0,0,0,0,0,0,0,0,0,0,0,0,0,0,0,0,0,0,0,0,0,0,0,0,0,0,0,0,0,0,0,0,0,0,0,0,0,0,0,0,0,0,0,0,0,0,0,0,0,0,0,0,0,0,0,0,0,0,0,0,0,0,0,0,0
KOS-26,Northwest Corner,KCSO Tafunsak MPA,Inner,5.361081166,162.9681887,0,0,0,0,0,0,0,0,0,0,0,0,0,0,0,0,0,0,0,0,0,0,0,0,0,0,0,0,0,0,0,0,0,0,0,0,0,0,0,0,0,0,0,0,0,0,0,0,0.057048141,0,0,0,0,0,0,0,0,0,0,0,0.03416649,0,0,0,0,0,0,0.034114844,0,0,0.071377782,0,0,0,0,0,0,0,0,0,0,0,0,0,0,0,0,0,0,0,0,0,0,0,0,0,0,0,0,0,0,0,0,0,0,0,0,0,0,0,0,0,0,0,0,0,0,0,0,0,0,0,0,0,0,0,0,0,0,0,0,0,0,0,0,0,0,0
KOS-26,Northwest Corner,KCSO Tafunsak MPA,Inner,5.361081166,162.9681887,0,0,0,0,0,0,0,0,0,0,0,0.112729068,0,0,0,0,0,0,0,0,0,0,0,0,0,0,0,0,0,0,0,0,0,0,0,0,0,0,0,0,0,0,0,0,0,0,0,0,0,0,0,0,0,0,0,0,0,0,0,0,0,0,0,0,0,0,0,0,0,0,0,0,0,0,0,0,0,0,0,0,0,0,0,0,0,0,0,0,0,0,0,0,0,0,0,0,0,0,0,0,0,0,0,0,0,0,0,0,0,0,0,0,0,0,0,0,0,0,0,0,0,0,0,0,0,0,0,0,0.108426252,0,0,0,0,0,0,0,0,0
KOS-26,Northwest Corner,KCSO Tafunsak MPA,Inner,5.361081166,162.9681887,0,0,0,0,0,0,0,0,0,0,0,0,0,0,0.023431774,0,0,0,0,0,0,0,0,0,0,0,0,0,0,0,0,0,0,0,0,0,0,0,0,0,0,0,0,0,0,0,0,0,0.079469582,0,0,0,0,0,0,0,0.251678126,0,0,0,0,0,0,0,0,0,0,0.034114844,0,0,0,0,0,0,0,0,0,0,0,0,0,0,0,0,0,0,0,0,0,0,0,0,0,0,0,0,0.124938789,0,0,0,0,0,0,0,0,0,0,0,0,0,0,0,0,0,0,0,0,0,0,0,0,0,0,0,0,0,0,0,0,0,0,0,0,0,0,0,0,0
KOS-26,Northwest Corner,KCSO Tafunsak MPA,Inner,5.361081166,162.9681887,0,0,0,0,0,0,0,0,0,0,0.15429858,0,0,0,0,0,0,0,0,0,0,0,0,0,0,0,0.032469045,0,0,0,0,0,0,0,0,0,0,0,0,0,0,0,0,0,0,0,0,0,0,0,0,0,0,0,0,0,0.252896772,0,0,0,0,0,0,0,0,0,0,0,0,0,0,0,0,0,0,0,0,0,0,0,0,0,0,0,0,0,0,0,0,0,0,0,0,0,0,0,0,0,0,0,0,0,0,0,0,0,0,0,0,0,0,0,0,0,0,0,0,0,0,0,0,0,0,0,0,0,0,0,0,0,0,0,0,0,0,0,0,0
KOS-26,Northwest Corner,KCSO Tafunsak MPA,Inner,5.361081166,162.9681887,0,0,0,0,0,0,0,0,0,0,0,0,0,0,0,0,0,0,0,0,0,0,0,0,0,0,0,0,0,0,0,0,0,0,0,0,0,0,0,0,0,0,0,0,0,0,0,0,0.025153982,0,0,0,0,0,0,0,0,0,0,0,0,0,0,0,0,0,0,0.161869266,0,0,0,0,0,0,0,0,0,0,0,0,0,0,0,0,0,0,0,0,0,0,0,0,0,0,0,0,0,0,0,0,0,0,0,0,0,0,0,0,0,0,0,0,0,0,0,0,0,0,0,0,0,0,0,0,0,0,0,0,0,0,0,0.154487766,0,0,0,0,0,0
KOS-26,Northwest Corner,KCSO Tafunsak MPA,Inner,5.361081166,162.9681887,0,0,0,0,0,0,0,0,0,0,0,0.056364534,0,0,0,0,0,0,0,0,0,0,0,0,0,0,0.032469045,0,0,0,0,0,0,0,0,0,0,0,0,0,0,0,0,0,0,0,0,0,0.097515094,0,0,0,0,0,0,0,0,0,0,0,0,0,0,0,0,0,0,0.043283851,0,0,0,0,0,0,0,0,0,0,0,0,0,0,0,0,0,0,0,0,0,0,0,0,0,0,0,0,0,0,0,0,0,0,0,0,0,0,0,0,0,0,0,0,0,0,0,0,0,0,0,0,0,0,0,0,0,0,0,0,0,0,0,0,0,0,0,0,0,0
KOS-26,Northwest Corner,KCSO Tafunsak MPA,Inner,5.361081166,162.9681887,0,0,0,0,0,0,0,0,0,0,0,0,0,0,0,0,0,0,0,0,0,0,0,0,0,0.509740636,0,0,0,0,0,0,0,0,0,0,0,0,0,0,0,0,0,0,0,0,0,0,0,0,0,0,0,0,0,0,0.019540924,0,0,0,0,0,0,0,0,0,0,0,0,0,0,0,0,0,0,0,0,0,0,0,0,0,0,0,0,0,0,0,0,0,0,0,0,0,0,0,0.041646263,0,0,0,0,0,0,0,0,0,0,0,0,0,0,0,0,0,0,0,0,0,0,0,0,0,0,0,0,0,0,0,0,0,0,0,0,0,0,0,0,0
KOS-26,Northwest Corner,KCSO Tafunsak MPA,Inner,5.361081166,162.9681887,0,0,0,0,0,0.107338041,0,0,0,0,0,0,0,0,0,0,0,0,0,0,0,0,0,0,0,0,0,0,0,0,0,0,0,0,0,0,0,0,0,0,0,0,0,0,0,0,0,0,0,0,0,0,0,0,0,0,0,0,0,0,0,0,0,0,0,0,0,0.066245102,0,0,0,0,0,0,0,0,0,0,0,0,0,0,0,0,0,0,0,0,0,0,0,0,0,0,0,0,0,0,0,0,0,0,0,0,0,0,0,0,0,0,0,0,0,0,0,0,0,0,0,0,0,0,0,0,0,0,0,0,0,0,0,0,0,0,0,0,0,0
KOS-26,Northwest Corner,KCSO Tafunsak MPA,Inner,5.361081166,162.9681887,0,0,0,0,0,0,0,0,0,0,0,0,0,0,0,0,0,0,0,0,0,0,0,0,0,0,0,0,0,0,0,0,0,0,0,0,0,0,0,0,0,0,0,0,0,0,0,0,0,0,0,0,0,0,0,0,0,0,0,0,0,0,0,0,0,0,0,0.068229688,0,0,0,0,0,0,0,0,0,0,0,0,0,0,0,0,0,0,0,0,0,0,0,0,0,0,0,0,0.130057264,0,0,0,0,0,0,0,0,0,0,0,0,0,0,0,0,0,0,0,0,0,0,0,0,0,0,0,0,0,0,0,0,0,0,0,0,0,0,0,0,0
KOS-26,Northwest Corner,KCSO Tafunsak MPA,Inner,5.361081166,162.9681887,0,0,0,0,0,0,0,0,0,0,0,0,0,0,0,0,0,0,0,0,0,0,0,0,0,0,0,0,0,0,0,0,0,0,0,0,0,0,0,0.058711235,0,0,0,0,0,0,0,0,0,0,0,0,0,0,0,0,0.296444128,0,0,0,0,0,0,0,0,0,0,0.019836195,0,0,0,0,0,0,0,0,0,0,0,0,0,0,0,0,0,0,0,0,0,0,0,0,0,0,0,0,0.130057264,0,0,0,0,0,0,0,0,0,0,0,0,0,0,0,0,0,0,0,0,0,0,0,0,0,0,0,0,0,0,0,0,0,0,0,0,0,0,0,0,0
KOS-26,Northwest Corner,KCSO Tafunsak MPA,Inner,5.361081166,162.9681887,0,0,0,0.101548509,0,0,0,0,0,0,0,0,0,0,0,0,0,0,0,0,0,0,0,0,0,0,0,0,0,0,0,0,0,0,0,0,0,0,0,0,0,0,0,0,0,0,0,0,0,0,0,0,0,0,0,0,0.232340658,0,0,0,0,0,0,0,0,0,0,0.034114844,0,0,0,0,0,0,0,0,0,0,0,0,0,0,0,0,0,0,0,0,0,0,0,0,0,0,0,0,0,0,0,0,0,0,0,0,0,0,0,0,0,0,0,0,0,0,0,0,0,0,0,0,0,0,0,0,0,0,0,0,0.144568336,0,0,0.022416875,0,0,0,0,0,0
KOS-27,Northwest Corner,KCSO Tafunsak Reference,Inner,5.350496542,162.9552797,0,0,0,0,0,0,0,0,0,0,0,0,0,0.097128212,0,0,0,0,0,0,0,0,0,0,0,0,0,0,0,0,0,0,0,0,0,0,0,0,0,0.099701196,0,0,0,0,0,0,0,0,0.097515094,0,0,0,0,0,0,0,0,0.632049974,0,0,0.090600618,0,0,0,0,0,0,0.019836195,0,0,0,0,0,0,0,0,0,0,0,0.221285552,0,0,0,0,0,0,0,0,0,0,0,0,0,0,0,0,0,0,0.131980911,0,0,0,0,0,0,0,0,0,0,0,0,0,0,0,0,0,0,0,0,0,0,0,0,0,0,0,0,0,0,0,0,0.067250625,0,0,0,0,0,0
KOS-27,Northwest Corner,KCSO Tafunsak Reference,Inner,5.350496542,162.9552797,0,0,0,0,0,0,0,0,0,0,0,0,0,0,0,0,0,0,0,0,0,0,0,0,0,0,0,0,0,0,0,0,0,0,0,0,0,0,0,0,0,0,0,0,0,0,0,0,0,0,0,0,0,0,0,0,0,0,0,0,0,0,0,0,0,0,0,0,0,0,0,0,0,0,0,0,0,0,0,0,0,0,0,0,0,0,0,0,0,0,0,0,0,0,0,0,0.208231315,0,0,0,0,0,0,0,0,0,0,0,0,0,0,0,0,0,0,0,0,0,0,0,0,0,0,0,0,0,0,0,0,0,0,0,0,0,0,0,0,0
KOS-27,Northwest Corner,KCSO Tafunsak Reference,Inner,5.350496542,162.9552797,0,0,0,0,0,0,0,0,0,0,0,0,0,0,0,0,0,0,0,0,0,0,0,0,0,0,0,0,0,0,0,0,0,0,0,0,0,0,0,0,0,0,0,0,0,0.034108369,0,0,0,0,0,0,0,0,0,0,0,0,0,0,0,0,0,0,0,0,0,0.026336631,0,0,0,0,0,0,0,0,0,0,0,0,0,0,0,0,0,0,0,0,0,0,0,0,0,0,0,0,0.083292526,0,0,0,0,0,0,0,0,0,0,0,0,0,0,0,0,0,0,0,0,0,0,0,0,0,0,0,0,0,0,0,0,0,0,0,0,0,0,0,0,0
KOS-27,Northwest Corner,KCSO Tafunsak Reference,Inner,5.350496542,162.9552797,0,0,0,0,0,0,0,0,0,0,0,0,0,0,0,0,0,0,0,0,0,0,0,0,0,0,0,0,0,0,0,0,0,0,0,0,0,0,0,0.037605796,0,0,0,0,0,0,0,0,0,0,0,0,0,0,0,0,0,0,0,0,0.042381421,0,0,0,0,0,0,0.086567702,0,0,0,0,0,0,0,0,0,0,0,0,0,0,0,0,0,0,0,0,0,0,0,0,0,0,0,0,0,0,0,0,0,0,0,0,0,0,0,0,0,0,0,0,0,0,0,0,0,0,0,0,0,0,0,0,0,0,0,0,0,0,0,0,0,0,0,0,0,0
KOS-27,Northwest Corner,KCSO Tafunsak Reference,Inner,5.350496542,162.9552797,0,0,0,0,0,0,0,0,0,0,0,0,0,0,0,0,0,0,0,0,0,0,0,0,0,0,0,0,0,0,0,0,0,0,0,0,0,0,0,0,0,0,0,0,0,0,0,0,0.031894159,0,0,0,0,0,0,0,0.06410347,0.183608878,0,0,0.127144263,0,0,0,0,0,0,0.110674274,0,0,0,0,0,0,0,0,0,0,0,0,0,0,0,0,0,0,0,0,0,0,0,0,0,0,0,0,0.385053317,0,0,0,0,0,0,0,0,0,0,0,0,0,0,0,0,0,0,0,0,0,0,0,0,0,0,0,0,0,0,0,0,0,0,0,0,0,0,0,0,0
KOS-27,Northwest Corner,KCSO Tafunsak Reference,Inner,5.350496542,162.9552797,0,0,0,0,0,0,0,0,0,0,0,0,0,0,0,0,0,0,0,0,0,0,0,0,0,0.455682144,0,0,0,0,0,0,0,0,0,0,0,0,0,0.058711235,0,0,0,0,0,0.130943592,0,0,0.014647219,0,0,0,0,0,0,0,0,1.180833069,0,0,0.042381421,0,0,0,0,0,0,0.059508585,0,0,0,0,0,0,0,0,0,0,0,0,0,0,0,0,0,0,0,0,0,0,0,0,0,0,0,0,0.074263347,0,0,0,0,0,0,0,0,0,0,0,0,0,0,0,0,0,0,0,0,0,0,0,0,0,0,0,0,0,0,0,0,0,0,0,0,0,0,0,0,0
KOS-27,Northwest Corner,KCSO Tafunsak Reference,Inner,5.350496542,162.9552797,0,0,0,0,0,0,0,0,0,0,0,0,0,0.077639598,0,0,0,0,0,0,0,0,0,0,0,0,0,0,0,0,0,0,0,0,0,0,0,0,0,0,0,0,0,0,0,0.203498847,0,0,0,0,0,0,0,0,0,0,0.019540924,0,0,0,0.03583965,0,0,0,0,0,0,0,0,0,0,0,0,0,0,0,0,0,0,0,0,0,0,0,0,0,0,0,0,0,0,0,0,0,0,0,0.039754737,0,0,0,0,0,0,0,0,0,0,0,0,0,0,0,0,0,0,0,0,0,0,0,0,0,0,0,0,0,0,0,0,0,0,0,0,0.055820175,0,0,0,0
KOS-27,Northwest Corner,KCSO Tafunsak Reference,Inner,5.350496542,162.9552797,0,0,0,0,0,0,0,0,0,0,0,0,0,0,0,0,0,0,0,0,0,0,0,0,0,0,0,0,0,0,0,0,0,0,0,0,0,0,0.354390246,0,0,0,0,0,0,0,0,0,0.014647219,0,0,0,0,0,0,0,0.250933182,0,0,0,0.042381421,0,0,0,0,0,0,0.445451783,0,0,0,0,0,0,0,0,0,0,0,0,0,0,0,0,0,0,0,0,0,0,0,0,0,0,0,0,0,0,0,0,0,0,0,0,0,0,0,0,0,0,0,0,0,0,0,0,0,0,0,0,0,0,0,0,0,0,0,0,0,0,0,0,0,0,0,0,0,0
KOS-27,Northwest Corner,KCSO Tafunsak Reference,Inner,5.350496542,162.9552797,0,0,0,0,0,0,0,0,0,0,0,0,0,0,0,0,0,0,0,0,0,0,0,0,0,0,0,0,0,0,0,0,0,0,0,0,0,0,0.134278528,0.143765774,0,0,0,0,0,0,0,0,0,0,0,0,0,0,0,0,0,0.108228162,0,0,0.042381421,0,0,0,0,0,0,0.010215226,0,0,0,0,0,0,0,0,0,0,0,0,0,0,0,0,0,0,0,0,0,0,0,0,0,0,0,0,0.260114528,0,0,0,0,0,0,0,0,0,0,0,0,0,0,0,0,0,0,0,0,0,0,0,0,0,0,0,0,0,0,0,0,0,0,0,0,0,0,0,0,0
KOS-28,Southeast,KCSO UBR Core,Inner,5.272259785,163.0231905,0,0,0,0,0,0,0,0,0,0,0,0,0,0,0,0,0,0,0,0,0,0,0,0,0,0,0,0,0,0,0,0,0,0,0,0,0,0,0,0,0,0,0.371240725,0,0,0.288625279,0,0,0,0,0,0,0,0,0,0,0,0,0,0,0,0,0,0,0,0,0,0,0,0,0.085164627,0,0,0,0,0.217905646,0.332026274,0,0,0,0,0,0,0,0,0,0,0,0,0,0,0,0,0,0,0,0,0,0,0,0,0,0,0,0,0,0,0,0,0,0,0,0,0,0,0,0,0,0,0,0,0,0,0,0,0.061331326,0,0,0,0,0,0,0,0,0,0,0,0
KOS-28,Southeast,KCSO UBR Core,Inner,5.272259785,163.0231905,0,0,0,0,0,0.039327236,0,0,0,0,0,0.2576315,0,0,0,0,0,0,0,0,0,0,0,0,0,0,0,0,0,0,0,0,0,0,0,0,0,0,0,0,0,0,0,0,0,0,0,0,0,0,0,0,0,0,0,0,0,0,0,0,0,0,0,0,0,0,0,0.03967239,0,0,0,0,0,0,0,0,0,0,0,0,0,0,0,0,0,0,0,0,0,0,0,0,0,0,0,0,0,0,0,0,0,0,0,0,0,0,0,0,0,0,0,0,0,0,0,0,0,0,0,0,0,0,0,0,0,0,0,0,0,0,0,0,0,0,0,0,0,0
KOS-28,Southeast,KCSO UBR Core,Inner,5.272259785,163.0231905,0,0,0,0,0,0,0,0,0,0,0,0,0,0,0,0,0,0,0,0,0,0,0,0,0,0,0,0,0,0,0,0,0,0,0,0.726298814,0,0,0,0,0,0,0.224846982,0,0,0,0,0,0,0,0,0,0,0,0,0,0,0,0,0,0.762828007,0,0,0,0,0,0,0,0,0,0,0,0,0,0,0,0,0,0,0,0,0,0,0,0,0,0,0,0,0,0,0,0,0,0,0,0,0,0,0,0,0,0,0,0,0,0,0,0,0,0,0,0,0,0,0,0,0,0,0,0,0,0,0,0,0,0,0,0,0,0,0,0,0,0,0,0,0
KOS-28,Southeast,KCSO UBR Core,Inner,5.272259785,163.0231905,0,0,0,0,0,0,0,0,0,0,0,0,0,0,0,0,0,0,0,0,0,0,0,0,0,0,0,0,0,0,0,0,0,0,0,0,0,0,0,0,0,0,0,0,0,0,0,0,0.048757547,0,0,0,0,0,0,0,0,0,0,0,0,0,0,0,0,0,0,0,0,0,0,0,0,0,0,0,0,0,0,0,0,0,0,0,0,0,0,0,0,0,0,0,0,0,0,0,0,0,0,0,0,0,0,0,0,0,0,0,0,0,0,0,0,0,0,0,0,0,0,0,0,0,0,0,0,0,0,0,0,0,0,0,0,0,0,0,0,0
KOS-28,Southeast,KCSO UBR Core,Inner,5.272259785,163.0231905,0,0,0,0,0,0,0,0,0,0,0,0,0,0,0,0,0,0,0,0,0,0,0,0,0.314853182,0,0,0,0,0,0,0,0,0,0,0,0,0,0,0,0,0,0.863907726,0,0,0,0,0,0,0,0,0,0,0,0,0,0,0,0,0,0.183925615,0,0,0,0,0,0,0,0,0,0,0,0,0,0,0,0,0,0,0,0,0,0,0,0,0,0,0,0,0,0,0,0,0,0,0,0,0,0,0,0,0,0,0,0.585797175,0,0,0,0,0,0,0,0,0,0,0,0,0,0,0,0,0,0,0,0,0,0,0,0,0,0,0,0,0,0,0,0,0
KOS-28,Southeast,KCSO UBR Core,Inner,5.272259785,163.0231905,0,0,0,0,0,0.080775432,0,0,0,0,0,0,0,0,0,0,0,0,0,0,0,0,0,0,0,0,0,0,0,0,0,0,0,0,0.786429855,0,0,0,0.163743358,0,0,0,0,0,0,0,0,0,0,0,0,0,0,0,0,0,0,0,0,0,0,0,0,0,0,0,0,0,0,0,0,0,0,0,0,0,0,0,0,0,0,0,0,0,0,0,0,0,0,0,0,0,0,0,0,0,0,0,0,0,0,0,0,0,0,0,0,0,0,0,0,0,0,0,0,0,0,0,0,0,0,0,0,0,0,0,0,0,0,0,0,0,0,0,0,0,0,0
KOS-28,Southeast,KCSO UBR Core,Inner,5.272259785,163.0231905,0,0,0,0,0,0,0,0,0,0,0,0,0,0,0,0,0,0,0,0,0,0,0,0,0,0,0,0,0,0,0,0,0,0,0,0.624291561,0,0,0,0.253598526,0,0,0,0,0,0,0,0,0,0,0,0,0,0,0,0,0.572683374,0,0,0,1.155786952,0,0,0,0,0,0,0.302643919,0,0,0,0,0,0,0,0,0,0,0,0,0,0,0,0,0,0,0,0,0,0.26443201,0,0,0,0,0,0,0,0,0,0,0,0,0,0,0,0,0,0,0,0,0,0,0,0,0,0,0,0,0,0,0,0,0,0,0,0,0,0,0,0,0,0,0,0,0,0,0,0
KOS-28,Southeast,KCSO UBR Core,Inner,5.272259785,163.0231905,0,0,0,0,0,0,0,0,0,0,0,0,0,0,0,0,0,0,0,0,0,0,0,0,0,0,0,0,0,0,0,0,0,0,0,0,0,0,0,0,0,0,0,0,0,0,0,0,0,0,0,0,0,0,0,0,0,0,0,0,0,0,0,0,0,0,0,0,0,0,0,0,0,0,0,0,0,0,0,0,0,0,0,0,0,0,0,0,0,0,0,0,0,0,0,0,1.276443564,0,0,0,0,0,0,0,0,0,0,0,0,0,0,0,0,0,0,0,0,0,0,0,0,0,0,0,0,0,0,0,0,0,0,0,0,0,0,0,0,0
KOS-28,Southeast,KCSO UBR Core,Inner,5.272259785,163.0231905,0,0,0,0,0,0,0,0,0,0,0,0,0,0,0,0,0,0.314369402,0,0,0,0,0,0,0,0,0,0,0,0,0,0,0.197451418,0,0,0.287760556,0,0,0,0,0,0,0,0,0,0,0,0,0,0,0,0,0,0,0,0,1.145366748,0,0,0,0,0,0,0,0,0,0,0,0,0,0.205435138,0,0,0,0,0,0.189446897,0,0,0,0,0,0,0,0,0,0,0,0,0.31595723,0,0,0,0,0,0,0,0,0.17619596,0,0,0,0,0,0,0,0,0,0,0,0,0,0,0,0,0,0,0,0,0,0,0,0,0,0,0,0,0,0,0,0,0,0,0,0,0,0,0
KOS-28,Southeast,KCSO UBR Core,Inner,5.272259785,163.0231905,0,0.176673864,0,0,0,0.078654472,0,0,0,0,0,0,0,0,0,0,0,0,0,0,0,0,0,0,0,0,0,0,0,0,0,0,0,0,0,0,0,0,0,0,0,0,0,0,0,0,0,0,0,0,0,0,0,0,0,0,0,0,0,0,0,0,0,0,0,0,0,0.004341904,0,0,0,0,0,0,0,0,0,0,0,0,0,0,0,0,0,0,0,0,0,0,0,0,0,0,0,0,0,0,0,0,0,0,0,0,0,0,0,0,0,0,0,0,0,0,0,0,0,0,0,0,0,0,0,0,0,0,0,0,0,0,0,0,0,0,0,0,0,0
KOS-28,Southeast,KCSO UBR Core,Inner,5.272259785,163.0231905,0,0,0,0,0,0,0,0,0,0,0,0,0,0,0,0,0,0,0,0,0,0,0,0,0,0,0,0,0,0,0,0,0,0,0,1.676503656,0,0,0.50500683,0.287962793,0,0,0,0,0,0.327308058,0,0,0.151838131,0,0,0,0,0,0,0,0.717536668,0,0,0,0,0,0,0,0,0,0,0,0,0,0,0,0,0,0,0,0,0,0,0,0,0,0,0,0,0,0,0,0,0,0,0,0,0,0,0,0,0,0,0,0,0,0,0,0,0,0,0,0,0,0,0,0,0,0,0,0,0,0,0,0,0,0,0,0,0,0,0,0,0,0,0,0,0,0,0,0,0
KOS-28,Southeast,KCSO UBR Core,Inner,5.272259785,163.0231905,0,0,0,0,0,0.107700576,0,0,0,0,0.00049836,0.1027155,0,0,0,0,0,0,0,0,0,0,0,0,0,0,0.051187275,0,0,0,0,0,0,0,0,0,0,0,0,0,0,0,0,0,0,0,0,0,0,0,0,0,0,0,0,0,0,0,0,0,0,0,0,0,0,0,0,0,0,0,0,0,0,0,0,0,0,0,0,0,0,0,0,0,0,0,0,0,0,0,0,0,0,0,0,0,0,0,0,0,0,0,0,0,0,0,0,0,0,0,0,0,0,0,0,0,0,0,0,0,0,0,0,0,0,0,0,0,0,0,0,0,0,0,0,0,0,0
KOS-28,Southeast,KCSO UBR Core,Inner,5.272259785,163.0231905,0,0,0,0,0,0,0,0,0,0,0,0,0,0,0,0,0,0,0,0,0,0,0,0,0,0,0,0,0,0,0,0,0,0,0,0,0,0,0,0,0,0,0.149897988,0,0,0.327308058,0,0,0,0,0,0,0,0,0,0,0,0,0,0,0,0,0,0,0,0,0,0,0,0,0,0,0,0,0,0,0,0,0,0,0,0,0,0,0,0,0,0,0,0,0,0,0,0,0,0,0,0,0,0,0,0,0,0,0,0,0,0,0,0,0,0,0,0,0,0,0,0,0,0,0,0,0,0,0,0,0,0,0,0,0,0,1.006602405,0,0,0,0,0
KOS-28,Southeast,KCSO UBR Core,Inner,5.272259785,163.0231905,0,0,0,0,0,0.046382664,0,0,0,0,0,0,0,0,0,0,0,0,0,0,0,0,0,0,0,0,0,0,0,0,0,0,0,0,0,0,0,0,0.163743358,0,0.008295991,0,0,0,0,0.654616116,0,0,0,0,0,0,0,0,0,0,0,0,0,0,0,0,0,0,0,0,0,0.288359799,0,0,0.273458808,0,0,0,0,0,0,0,0,0,0,0,0,0,0,0,0,0,0,0,0,0,0,0,0,0,0,0,0,0,0,0,0,0,0,0,0,0,0,0,0,0,0,0,0,0,0,0,0,0,0,0,0,0,0,0,0,0,0,0,0,0,0,0,0,0,0,0
KOS-28,Southeast,KCSO UBR Core,Inner,5.272259785,163.0231905,0,0,0,0,0,0,0,0,0,0,0,0,0,0,0,0,0,0,0,0,0,0,0,0,0,0,0,0,0,0,0,0,0,0,0,0,0,0,0,0.222130341,0,0,0.179186538,0,0,0,0,0,0,0,0,0,0,0,0,0,0,0,0,0,0,0,0,0,0,0,0,0,0,0,0,0,0,0,0,0,0,0,0,0,0,0,0,0,0,0,0,0,0,0,0,0,0,0,0,0,0,0,0,0,0,0,0,0,0,0,0,0,0,0,0,0,0,0,0,0,0,0,0,0,0,0,0,0,0,0,0,0,0,0,0,0,2.348738945,0,0,0,0,0
KOS-28,Southeast,KCSO UBR Core,Inner,5.272259785,163.0231905,0,0,0,0,0,0.13462572,0,0,0,0,0,0,0,0,0,0,0,0,0,0,0,0,0,0,0,0,0,0,0,0,0,0,0,0,0,0,0,0,0,0,0,0,0,0,0,0,0,0,0,0,0,0,0,0,0,0,0,0,0,0,0,0,0,0,0,0,0,0.916998436,0,1.156415807,0.261915251,0,0,0,0,0,0,0,0,0,0,0,0,0,0,0,0,0,0,0,0,0,0,0,0,0,0,0,0,0,0,0,0,0,0,0,0,0,0,0,0,0,0,0,0,0,0,0,0,0,0,0,0,0,0,0,0,0,0,0,0,0,0,0,0,0,0,0
KOS-28,Southeast,KCSO UBR Core,Inner,5.272259785,163.0231905,0,0,0,0,0,0,0,0,0,0,0,0,0,0,0,0,0,0,0,0,0,0,0,0,0,0,0,0,0,0,0,0,0,0,0,0.893307272,0,0,0,0.575925586,0,0,0.224846982,0,0,0.414892217,0,0,0,0,0,0,0,0,0,0,0,0,0,0,0,0,0,0,0,0,0,0,0.056279862,0,0.410188212,0,0,0,0,3.26858469,0,0,0,0,0,0,0,0,0,0,0,0,0,0.068829598,0,0,0,0,0,0,0,0,0,0,0,0,0,0,1.17159435,0,0,0,0,0,0,0,0,0,0,0,0,0,0,0,0,0,0,0,0,0,0,0,0,0,0,0,2.95384362,0,0,0,0,0
KOS-28,Southeast,KCSO UBR Core,Inner,5.272259785,163.0231905,0,0,0,0,0,0,0,0,0,0,0,0,0,0,0,0,0,0,0,0,0,0,0,0,0,0,0,0,0,0,0,0,0,0,0,0,0,0,0,0,1.007222908,0,0,0,0,0,0,0,0,0,0,0,0,0,0,0,0,0,0,0,0.016088363,0,0,0,0,0,0,0,0,0,0.136729404,0,0,0,0,0,0,0,0,0,0,0,0,0,0,0,0,0,0,0,0,0,0,0,0,0,0,0,0,0,0,0,0,0,0,0,0,0,0,0,0,0,0,0,0,0,0,0,0,0,0,0,0,0,0,0,0,0,0,0,0,0,0,0,0,0,0,0
KOS-28,Southeast,KCSO UBR Core,Inner,5.272259785,163.0231905,0,0,0,0,0,0,0,0,0,0,0,0,0,0,0,0,0,0,0,0,0,0,0,0,0,0,0,0,0,0,0,0,0,0,0,0.726239268,0,0,0,0,0,0,0,0,0,0,0,0,0,0,0,0,0,0,0,0,0,0.355023788,0,0,0,0,0,0,0,0,0.750592062,0.605287838,0,0,1.089691766,0,0,0,0,0.74815519,0,0,0,0,0,0,0,0,0,0,0,0,0,0,0,0,0,0,0,0,0,0,0,0,0,0,0,0,0,0,0,0,0,0,0,0,0,0,0,0,0,0,0,0,0,0,0,0,0,0,0,0,0,0,0,0,6.399955185,0,0,0,0,0
KOS-28,Southeast,KCSO UBR Core,Inner,5.272259785,163.0231905,0,0,0,0,0,0,0,0,0,0,0,0.345553476,0,0,0,0,0,0,0,0,0,0,0,0,0,0,0,0,0,0,0,0,0,0,0,0,0,0,0,0,0.143765774,0,0,0,0,0,0,0,0,0,0,0,0,0,0,0,0,0.432912648,0,0,0,0,0,0,0,0,0,0,0,0,0.059144638,0,0,0,0,0,0,0,0,0,0,0,0,0,0,0,0,0,0,0,0,0,0,0,0,0,0,0,0,0,0,0,0,0,0,0,0,0,0,0,0,0,0,0,0,0,0,0,0,0,0,0,0,0,0,0,0,0,0,0,0,0,0,0,0,0,0,0
KOS-28,Southeast,KCSO UBR Core,Inner,5.272259785,163.0231905,0,0,0,0,0,0,0,0,0,0,0,0,0,0,0,0,0,0,0,0,0,0,0,0,0,0,0,0,0,0,0,0,0.73870678,0,0,0,0,0,0,0.094727418,0,0,0.358373076,0,0,0.928169772,0,0,0.151838131,0,0,0,0,0,0,0,0.224277221,0,0,0,0.140161437,0,0,0,0,0,0,0,0,0,0.180484043,0,0,0,0,0,0,0,0,0,0,0,0,0,0,0,0,0,0,0,0,0,0,0,0,0,0,0,0,0,0,0,0,0,0,0,0,0,0,0,0,0,0,0,0,0,0,0,0,0,0,0,0,0,0,0,0,0,0,0,0,0,3.413309432,0,0,0,0,0
KOS-28,Southeast,KCSO UBR Core,Inner,5.272259785,163.0231905,0,0,0,0,0,0.270744417,0,0,0,0,0,0,0,0,0,0,0,0,0,0,0,0,0,0,0,0,0,0,0,0,0,0,0,0,0,0,0,0,0,0,0,0,0,0,0,0,0,0,0,0,0,0,0,0,0,0,0,0,0,0,0,0,0,0,0,0,0,0,0,0.221891364,0,0,0,0,0,0,0,0,0,0,0,0,0,0,0,0,0,0,0,0,0,0,0,0,0,0,0.477842859,0,0,0,0,0,0,0,0,0,0,0,0,0,0,0,0,0,0,0,0,0,0,0,0,0,0,0,0,0,0,0,0,0,0,0,0,0,0,0,0,0
KOS-28,Southeast,KCSO UBR Core,Inner,5.272259785,163.0231905,0,0,0,0,0,0,0,0,0,0,0,0,0,0,0,0,0,0,0,0,0,0,0,0,0,0,0,0,0,0,0,0,0,0,0,1.536816646,0,0,0,0.507197052,0,0,0.280452324,0,0,0,0,0,0,0,0,0,0,0,0,0,0,0,0,0,1.83925615,0,0,0,0,0,0,0.472353292,0,0,0,0,0,0,0,0,0,0,0,0,0,0,0,0,0,0,0,0,0,0,0,0,0,0,0,0,0,0,0,0,0,0,0,0,0,0,0,0,0,0,0,0,0,0,0,0,0,0,0,0,0,0,0,0,0,0,0,0,0,0,0,0,0,0,0,0,0,0
KOS-28,Southeast,KCSO UBR Core,Inner,5.272259785,163.0231905,0,0,0,0,0,0,0,0,0,0,0,0,0,0,0,0,0,0,0,0,0,0,0,0,0,0,0,0,0,0,0,0,0,0,0,0,0,0,0,0,0.143765774,0,0,0,0,0,0,0,0,0,0,0,0,0,0,0,0.358768334,0,0,0,0,0,0,0,0,0,0,0,0,0,0.059144638,0,0,0,0,0,0,0,0,0,0,0,0,0,0,0,0,0,0,0,0,0,0,0,0,0,0,0,0,0,0,0,0,0,0,0,0,0,0,0,0,0,0,0,0,0,0,0,0,0,0,0,0,0,0,0,0,0,0,0,0,0,0,0,0,0,0,0
KOS-29,South,KCSO UBR Buffer,Inner,5.279526286,162.9663819,0,0,0,0,0,0.471130304,0,0,0,0,0,0,0,0,0,0,0,0,0,0,0,0,0,0,0,0,0,0,0,0,0,0,0,0,0,0,0,0,0.163743358,1.476050298,0,0,0,0,0,0,0,0,0,0,0,0,0,0,0,0,0,0,0,0,0,0,0,0,0,0,0,0,0,0,0,0,0,0,0,0,0,0,0,0,0,0,0,0,0,0,0,0,0,0,0,0,0,0,0,0,0,0,0,0,0,0,0,0,0,0,0,0,0,0,0,0,0,0,0,0,0,0,0,0,0,0,0,0,0,0,0,0,0,0,0,0,0,0,0,0,0,0
KOS-29,South,KCSO UBR Buffer,Inner,5.279526286,162.9663819,0,0,0,0,0,0.080775432,0,0,0,0,0,0,0,0,0,0,0,0,0,0,0,0,0,0,0,0,0,0,0,0,0,0,0,0,0,0,0,0,0,0,0,0,0,0,0,0,0,0,0,0,0,0,0,0,0,0,0,0,0,0,0,0,0,0.479440559,0,0,0,0.086081297,0,0,0,0,0,0,0,0,0,0,0,0,0,0,0,0,0,0,0,0,0,0,0,0,0,0,0,0,0,0,0,0,0,0,0,0,0,0,0,0,0,0,0,0,0,0,0,0,0,0,0,0,0,0,0,0,0,0,0,0,0,0,0,0,0,0,0,0,0,0
KOS-29,South,KCSO UBR Buffer,Inner,5.279526286,162.9663819,0,0,0,0,0,0,0,0,0,0,0,0,0,0,0,0,0,0,0,0,0,0,0,0,0,0,0,0,0,0,0,0,0,0,0,0,0,0,0,0.058711235,0,0,0,0,0,0,0,0,0,0,0,0,0,0,0,0,0,0.226142148,0,0,0,0,0,0,0,0,0,0,0,0,0,0,0,0,0,0,0,0,0,0,0,0,0,0,0,0,0,0,0,0,0,0,0,0,0,0,0,0,0,0,0,0,0,0,0,0,0,0,0,0,0,0,0,0,0,0,0,0,0,0,0,0,0,0,0,0,0,0,0,0,0,0,0,0,0,0,0,0
KOS-29,South,KCSO UBR Buffer,Inner,5.279526286,162.9663819,0,0,0,0,0,0,0,0,0,0,0,0,0,0,0,0,0,0,0,0,0,0,0,0,0,0,0,0,0,0,0,0,0,0,0,0,0,0,0.163743358,0.287531548,0,0,0,0,0,0.203498847,0,0,0,0,0,0,0,0,0,0,0,0,0,0,0,0,0,0,0,0,0,0.152326399,0,0,0,0,0,0,0,0,0,0,0,0.084890932,0,0,0,0,0,0,0,0,0,0,0,0,0,0,0,0,0.796404765,0,0,0,0,0,0,0,0,0,0,0,0,0,0,0,0,0,0,0,0,0,0,0,0,0,0,0,0,0,0,0,0,0,0,0,0,0,0,0,0,0
KOS-29,South,KCSO UBR Buffer,Inner,5.279526286,162.9663819,0,0,0,0,0,1.06438933,0,0,0,0,0.345132431,0,0,0,0,0,0,0,0,0,0,0,0,0,0,0,0,0,0,0,0,0,0,0,0,0,0,0,0,0.71882887,0,0,0,0,0,0.299252586,0,0,0,0,0,0,0,0,0,0,0,0.50961642,0,0,0,0,0,0,0,0,0,0,0,0,0.29572319,0,0,0,0,0,0,0,0,0,0,0,0,0,0,0,0,0,0,0,0,0,0,0,0,0,0,0,0,0,0,0,0,0,0,0,0,0,0,0,0,0,0,0,0,0,0,0,0,0,0,0,0,0,0,0,0,0,0,0,0,0,0,0,0,0,0,0
KOS-29,South,KCSO UBR Buffer,Inner,5.279526286,162.9663819,0,0,0,0,0,0,0,0,0,0,0,0,0,0,0,0,0,0,0,0,0,0,0,0,0,0,0,0,0,0,0,0,0,0,0,0,0,0,0.163743358,0.490008557,0,0,0,0,0,0,0,0,0.039734791,0,0,0,0,0,0,0,0,0,0,0,0,0,0,0,0,0,0,0,0,0,0.473157104,0,0,0,0,0,0,0,0,0,0,0,0,0,0,0,0,0,0,0,0,0,0,0,0,0,0,0,0,0,0,0,0,0,0,0,0,0,0,0,0,0,0,0,0,0,0,0,0,0,0,0,0,0,0,0,0,0,0,0,0,0,0,0,0,0,0,0
KOS-29,South,KCSO UBR Buffer,Inner,5.279526286,162.9663819,0,0,0,0,0,0.323101728,0,0,0,0,0,0,0,0,0,0,0,0,0,0,0,0,0,0,0,0,0,0,0,0,0,0,0,0,0,0,0,0,0,0,0,0,0,0,0,0.067832949,0,0,0,0,0,0,0,0,0,0,0,0,0,0,0,0,0,0,0,0,0,0,0,0,0,0,0,0,0,0,0,0,0,0,0,0,0,0,0,0,0,0,0,0,0,0,0,0,0,0,0,0,0,0,0,0,0,0,0,0,0,0,0,0,0,0,0,0,0,0,0,0,0,0,0,0,0,0,0,0,0,0,0,0,0,0,0,0,0,0,0,0
KOS-29,South,KCSO UBR Buffer,Inner,5.279526286,162.9663819,0,0,0,0,0,1.082977668,0,0,0,0,0,0,0,0,0,0,0,0,0,0,0,0,0,0,0,0,0,0,0,0,0,0,0,0,0,0,0,0,0,0,0,0,0,0,0,0,0,0,0.22889702,0,0,0,0,0,0,0,0,0,0,0,0,0,0,0,0,0,0,0,0,0,0,0,0,0,0,0,0,0,0,0,0,0,0,0,0,0,0,0,0,0,0,0,0,0,0,0,0,0,0,0,0,0,0,0,0,0,0,0,0,0,0,0,0,0,0,0,0,0,0,0,0,0,0,0,0,0,0,0,0,0,0,0,0,0,0,0,0,0
KOS-29,South,KCSO UBR Buffer,Inner,5.279526286,162.9663819,0,0,0,0,0,0,0,0,0,0,0,0,0,0,0,0,0,0,0,0,0,0,0,0,0,0,0,0,0,0,0,0,0,0,0,0,0,0,0,0.033233732,0,0,0,0,0,0,0,0,0.048757547,0,0,0,0,0,0,0,0,0,0,0,0,0,0,0,0,0,0,0.198735306,0,0,0,0,0,0,0,0,0,0,0,0,0,0,0,0,0,0,0,0,0,0,0,0,0,0,0,0,0.130057264,0,0,0,0,0,0,0,0,0,0,0,0,0,0,0,0,0,0,0,0,0,0,0,0,0,0,0,0,0,0,0,0,0,0,0,0,0,0,0,0,0
KOS-29,South,KCSO UBR Buffer,Inner,5.279526286,162.9663819,0,0,0,0,0,0.107700576,0,0,0,0,0,0,0,0,0,0,0,0,0,0,0,0,0,0,0,0,0.032469045,0,0,0,0,0,0,0,0,0,0,0,0,0,0,0,0,0,0,0,0,0,0,0,0,0,0,0,0,0,0,0,0,0,0,0,0,0,0,0,0,0,0,0.277364205,0,0,0,0,0,0,0,0,0,0,0,0,0,0,0,0,0,0,0,0,0,0,0,0,0,0,0,0,0,0,0,0,0,0,0,0,0,0,0,0,0,0,0,0,0,0,0,0,0,0,0,0,0,0,0,0,0,0,0,0,0,0,0,0,0,0,0,0
KOS-29,South,KCSO UBR Buffer,Inner,5.279526286,162.9663819,0,0,0,0.30284031,0,0,0,0,0,0,0,0,0,0,0,0,0,0,0,0,0,0,0,0,0,0,0,0,0,0,0,0,0,0,0,0,0,0,0,0,0,0,0,0,0,0,0,0,0,0,0,0,0,0,0,0,0.06410347,0.800750148,0,0,0,0,0,0,0,0,0,0,0,0,0,0,0,0,0,0,0,0,0,0,0,0,0,0,0,0,0,0,0,0,0,0,0,0,0,0,0,0,0,0,0,0,0,0,0,0,0,0,0,0,0,0,0,0,0,0,0,0,0,0,0,0,0,0,0,0,0,0,0,0,0,0,0,0,0,0,0,0
KOS-29,South,KCSO UBR Buffer,Inner,5.279526286,162.9663819,0,0,0,0,0,0.026925144,0,0,0,0,0,0,0,0,0,0,0,0,0,0,0,0,0,0,0,0.151894048,0,0,0,0,0,0,0,0,0,0,0,0,0,0,0,0,0,0,0,0,0,0,0,0,0,0,0,0,0,0,0,0,0,0,0,0,0,0,0,0,0,0,0,0,0,0,0,0,0,0,0,0,0,0,0,0,0,0,0,0,0,0,0,0,0,0,0,0,0,0,0,0,0,0,0,0,0,0,0,0,0,0,0,0,0,0,0,0,0,0,0,0,0,0,0,0,0,0,0,0,0,0,0,0,0,0,0,0,0,0,0,0
